municipality_name,business_subcategory,source_name,source_method,source_date,method,credibility,daytime_activity_index,foot_traffic_proxy_index,transit_access_proxy_index,target_customer_pool_factor,demand_pressure_index,data_quality_note
Kitchener,Indian Grocery Store,Zonalyze demand evidence seed,Calibrated demand proxy using census population, demographic fit, and local activity assumptions,2026-05-09,catalog_seed_proxy,medium,72,68,65,0.042,74,Seeded demand evidence until real foot traffic mobility or transaction benchmark data is connected.
Kitchener,Coffee Shop,Zonalyze demand evidence seed,Calibrated demand proxy using census population, demographic fit, and local activity assumptions,2026-05-09,catalog_seed_proxy,medium,78,82,70,0.060,81,Coffee demand uses stronger foot-traffic sensitivity and should later be calibrated with mobility or POS data.
Kitchener,Fitness Center,Zonalyze demand evidence seed,Calibrated demand proxy using census population, demographic fit, and local activity assumptions,2026-05-09,catalog_seed_proxy,medium,64,55,58,0.022,63,Fitness demand uses lower visit frequency but larger service radius assumptions.
Waterloo,Indian Grocery Store,Zonalyze demand evidence seed,Calibrated demand proxy using census population, demographic fit, and local activity assumptions,2026-05-09,catalog_seed_proxy,medium,76,71,78,0.040,76,Seeded demand evidence until real foot traffic mobility or transaction benchmark data is connected.
Waterloo,Coffee Shop,Zonalyze demand evidence seed,Calibrated demand proxy using census population, demographic fit, and local activity assumptions,2026-05-09,catalog_seed_proxy,medium,86,88,82,0.066,88,Coffee demand reflects stronger student office and transit corridor assumptions.
Waterloo,Fitness Center,Zonalyze demand evidence seed,Calibrated demand proxy using census population, demographic fit, and local activity assumptions,2026-05-09,catalog_seed_proxy,medium,70,60,72,0.024,68,Fitness demand reflects a student/young adult market but should be calibrated with membership or facility data.
Cambridge,Indian Grocery Store,Zonalyze demand evidence seed,Calibrated demand proxy using census population, demographic fit, and local activity assumptions,2026-05-09,catalog_seed_proxy,medium,61,54,48,0.036,59,Seeded demand evidence until real foot traffic mobility or transaction benchmark data is connected.
Cambridge,Coffee Shop,Zonalyze demand evidence seed,Calibrated demand proxy using census population, demographic fit, and local activity assumptions,2026-05-09,catalog_seed_proxy,medium,63,61,52,0.051,61,Coffee demand is moderate and should later use corridor or mobility data.
Cambridge,Fitness Center,Zonalyze demand evidence seed,Calibrated demand proxy using census population, demographic fit, and local activity assumptions,2026-05-09,catalog_seed_proxy,medium,58,49,45,0.021,55,Fitness demand uses regional catchment assumptions until real facility benchmark data is connected.
