municipality_name,business_subcategory,source_name,source_method,source_date,method,credibility,estimated_space_sqft,low_monthly_lease_cost,median_monthly_lease_cost,high_monthly_lease_cost,lease_cost_per_sqft_year,rent_pressure_index,commercial_cost_pressure_level,data_quality_note
Kitchener,Indian Grocery Store,Zonalyze lease evidence seed,Calibrated proxy based on business size assumptions and regional rent pressure signals,2026-05-09,catalog_seed_proxy,medium,1800,4200,6100,8500,40.67,74,high,Seeded lease range used until commercial lease listing data is connected.
Kitchener,Coffee Shop,Zonalyze lease evidence seed,Calibrated proxy based on business size assumptions and regional rent pressure signals,2026-05-09,catalog_seed_proxy,medium,1200,3100,4550,6500,45.50,76,high,Seeded lease range used until commercial lease listing data is connected.
Kitchener,Fitness Center,Zonalyze lease evidence seed,Calibrated proxy based on business size assumptions and regional rent pressure signals,2026-05-09,catalog_seed_proxy,medium,4500,7200,9800,13500,26.13,72,high,Large-format use with wider lease range because unit size varies significantly.
Waterloo,Coffee Shop,Zonalyze lease evidence seed,Calibrated proxy based on business size assumptions and regional rent pressure signals,2026-05-09,catalog_seed_proxy,medium,1200,3400,5100,7200,51.00,82,high,Seeded lease range reflects higher cost pressure near student and office corridors.
Waterloo,Fitness Center,Zonalyze lease evidence seed,Calibrated proxy based on business size assumptions and regional rent pressure signals,2026-05-09,catalog_seed_proxy,medium,4500,7600,10800,14800,28.80,80,high,Large-format use with higher municipal rent pressure assumption.
Waterloo,Indian Grocery Store,Zonalyze lease evidence seed,Calibrated proxy based on business size assumptions and regional rent pressure signals,2026-05-09,catalog_seed_proxy,medium,1800,4500,6800,9300,45.33,81,high,Seeded lease range used until commercial lease listing data is connected.
Cambridge,Indian Grocery Store,Zonalyze lease evidence seed,Calibrated proxy based on business size assumptions and regional rent pressure signals,2026-05-09,catalog_seed_proxy,medium,1800,3300,5000,7000,33.33,61,medium,Seeded lease range used until commercial lease listing data is connected.
Cambridge,Coffee Shop,Zonalyze lease evidence seed,Calibrated proxy based on business size assumptions and regional rent pressure signals,2026-05-09,catalog_seed_proxy,medium,1200,2500,3800,5400,38.00,58,medium,Seeded lease range used until commercial lease listing data is connected.
Cambridge,Fitness Center,Zonalyze lease evidence seed,Calibrated proxy based on business size assumptions and regional rent pressure signals,2026-05-09,catalog_seed_proxy,medium,4500,5900,8200,11200,21.87,55,medium,Large-format use with wider lease range because unit size varies significantly.
