municipality,site_id,label,latitude,longitude,observed_count,observed_unit,observation_period,source,source_url
Kitchener,100021132,Iron Horse Trail - Queen Street,43.443488819,-80.496073865,423,average pedestrians/day,2025 daily average,City of Kitchener trail counters,https://www.kitchener.ca/strategic-plans-and-projects/strategic-plan/2023-2026-strategic-plan-progress/
Waterloo,10,Spurline Trail south of Roger Street,43.462444635,-80.506621538,250.86,average pedestrians/day,Published counter average; dataset last updated 2021-12-01,City of Waterloo EcoCounters,https://www.arcgis.com/home/item.html?id=a5e1adba2e5545a9b4f0a1d198cd0498
Waterloo,7,Albert McCormick Community Centre,43.487974854,-80.545904204,187.14,average pedestrians/day,Published counter average; dataset last updated 2021-12-01,City of Waterloo EcoCounters,https://www.arcgis.com/home/item.html?id=a5e1adba2e5545a9b4f0a1d198cd0498
Waterloo,6,Laurel Trail at Columbia Street West,43.476020375,-80.543336597,300.43,average pedestrians/day,Published counter average; dataset last updated 2021-12-01,City of Waterloo EcoCounters,https://www.arcgis.com/home/item.html?id=a5e1adba2e5545a9b4f0a1d198cd0498
Waterloo,1,Trans Canada / Laurel Trail at Silver Lake Bridge,43.465847722,-80.530347580,686.86,average pedestrians/day,Published counter average; dataset last updated 2021-12-01,City of Waterloo EcoCounters,https://www.arcgis.com/home/item.html?id=a5e1adba2e5545a9b4f0a1d198cd0498
Waterloo,5,Laurel Trail at Erb Street East and Peppler Street,43.465536737,-80.519000013,170.14,average pedestrians/day,Published counter average; dataset last updated 2021-12-01,City of Waterloo EcoCounters,https://www.arcgis.com/home/item.html?id=a5e1adba2e5545a9b4f0a1d198cd0498
Waterloo,2,Iron Horse Trail at John Street West,43.457463283,-80.519498619,515.57,average pedestrians/day,Published counter average; dataset last updated 2021-12-01,City of Waterloo EcoCounters,https://www.arcgis.com/home/item.html?id=a5e1adba2e5545a9b4f0a1d198cd0498
Waterloo,3,Laurel Trail at Weber Street North,43.471790807,-80.514682851,192.71,average pedestrians/day,Published counter average; dataset last updated 2021-12-01,City of Waterloo EcoCounters,https://www.arcgis.com/home/item.html?id=a5e1adba2e5545a9b4f0a1d198cd0498
Waterloo,4,Laurel Trail at University Avenue West,43.480268235,-80.514722997,67.86,average pedestrians/day,Published counter average; dataset last updated 2021-12-01,City of Waterloo EcoCounters,https://www.arcgis.com/home/item.html?id=a5e1adba2e5545a9b4f0a1d198cd0498
