geo_name_raw,municipality_name,municipality_type,population_2021,population_density_per_km2,population_growth_2016_2021_pct,land_area_km2,population_scale_index_0_100,household_median_total_income_2020,income_index_0_100,children_0_14_pct,youth_15_24_pct,young_adult_20_34_pct,working_age_25_64_pct,seniors_65_plus_pct,median_age,family_with_children_pct,one_person_household_pct,average_household_size,employment_rate_pct,unemployment_rate_pct,participation_rate_pct,immigrant_pct,visible_minority_pct,diversity_index_0_100,renter_pct,renter_average_monthly_shelter_cost,rent_cost_index_0_100,rent_pressure_index_0_100,retail_trade_labour_pct,accommodation_food_labour_pct,other_services_labour_pct,density_index_0_100,market_base_index_0_100
"Addington Highlands, Township (TP)",Addington Highlands,TP,2534.0,2.0,9.3,1293.99,52.8053,57600.0,27.8547,11.6417,8.2873,12.8256,48.5399,31.176,55.6,43.7908,29.0179,2.2,35.5,15.3,41.7,4.1436,0.0,1.4503,20.4444,820.0,24.9151,23.5739,9.5506,7.3034,2.2472,13.0851,30.5768
"Adelaide-Metcalfe, Township (TP)",Adelaide-Metcalfe,TP,3011.0,9.1,0.7,331.11,53.9668,105000.0,68.8581,19.9269,11.1259,15.4434,49.9834,18.9306,43.2,56.8966,14.2857,2.9,69.2,5.9,73.6,9.9635,1.3285,4.1514,18.2266,960.0,32.8426,28.4578,7.1642,3.8806,2.0896,27.5437,46.8422
"Adjala-Tosorontio, Township (TP)",Adjala-Tosorontio,TP,10989.0,29.6,0.1,371.53,62.6873,117000.0,79.2388,15.4245,11.8755,15.925,55.2371,17.4265,46.4,56.9507,15.6454,2.9,61.0,9.0,67.1,13.195,6.734,7.9853,7.0404,1350.0,54.9264,40.5606,8.5526,4.1941,3.7829,40.7462,52.1543
"Admaston/Bromley, Township (TP)",Admaston/Bromley,TP,2995.0,5.8,2.0,519.59,53.931,85000.0,51.5571,18.3639,11.3523,14.5242,50.2504,19.8664,45.2,50.8475,20.7048,2.6,61.0,5.9,64.8,3.172,1.1686,1.6945,10.1322,1120.0,41.9026,32.3715,9.9688,2.1807,2.8037,22.8317,40.3347
"Ajax, Town (T)",Ajax,T,126666.0,1900.6,5.8,66.64,79.1567,119000.0,80.9689,18.7935,13.0145,19.7251,55.1016,13.0935,38.4,73.7753,14.0669,3.2,57.9,13.4,66.9,41.645,64.3898,46.9133,16.5253,1662.0,72.5934,55.773,11.2237,5.4303,3.5169,89.9304,68.2215
"Alfred and Plantagenet, Township (TP)",Alfred and Plantagenet,TP,9949.0,25.4,2.8,391.79,62.0175,85000.0,51.5571,15.8307,8.8451,17.7405,54.3773,20.9569,46.4,50.0,25.1225,2.4,59.1,6.4,63.1,3.3672,2.2615,2.3394,22.6994,1028.0,36.6931,32.495,10.2868,4.1543,4.0554,38.9877,46.1919
"Algoma, Unorganized, North Part, Unorganized (NO)","Algoma, Unorganized, North Part",NO,6050.0,0.1,5.4,43618.95,58.6668,76500.0,44.2042,12.562,7.1901,12.8099,54.876,25.4545,54.4,41.039,30.1444,2.2,44.5,15.5,52.7,4.6281,0.7438,1.9917,5.045,790.0,23.2163,17.7649,9.8696,5.7728,5.0279,1.1352,33.6787
"Algonquin Highlands, Township (TP)",Algonquin Highlands,TP,2588.0,2.6,10.1,999.69,52.9473,77000.0,44.6367,7.728,4.83,9.8532,49.459,38.2535,60.4,31.7365,32.4111,2.0,37.8,11.2,43.1,7.9212,2.1252,3.835,8.2677,800.0,23.7826,19.1281,14.4279,9.4527,4.4776,15.2567,34.0724
"Alnwick/Haldimand, Township (TP)",Alnwick/Haldimand,TP,7473.0,18.8,8.8,398.25,60.0897,102000.0,66.263,13.5153,10.3038,14.3851,52.7231,23.2169,49.6,49.5781,16.6667,2.6,55.1,11.5,62.3,9.8354,5.821,6.3529,7.9646,1230.0,48.1314,36.0813,10.9554,4.4586,4.7134,35.5613,47.0666
"Amaranth, Township (TP)",Amaranth,TP,4327.0,16.3,6.1,265.02,56.4091,127000.0,87.8893,17.4486,13.5198,17.1019,53.9635,15.1375,42.4,60.5469,12.3636,3.2,64.6,9.0,71.1,15.2531,12.1331,11.4745,11.2727,1800.0,80.4077,59.6672,11.5854,4.878,5.6911,33.9536,51.3222
"Amherstburg, Town (T)",Amherstburg,T,23524.0,128.0,7.2,183.76,67.8147,98000.0,62.8028,15.8561,11.5839,15.7924,51.4581,21.1486,45.6,55.8042,22.3491,2.5,54.0,12.0,61.4,10.0323,5.5688,6.2957,14.6196,1123.0,42.0725,33.8366,11.2293,5.2318,3.4879,57.8833,52.9527
"Armour, Township (TP)",Armour,TP,1459.0,8.9,3.2,163.52,49.088,69500.0,38.1488,11.6518,5.1405,11.6518,52.0905,31.8711,56.8,34.7368,28.3582,2.2,39.2,17.7,47.1,8.5675,1.3708,3.684,6.7669,800.0,23.7826,18.6779,8.2645,6.6116,4.9587,27.3055,34.5495
"Armstrong, Township (TP)",Armstrong,TP,1199.0,13.3,2.8,90.16,47.7668,72000.0,40.3114,22.9358,9.5913,15.0125,46.2886,20.0167,39.2,52.9412,29.703,2.4,54.7,6.7,58.0,2.5021,2.9191,2.3353,29.703,690.0,17.5538,21.1985,6.7961,3.8835,5.8252,31.6853,37.4969
"Arnprior, Town (T)",Arnprior,T,9629.0,738.5,9.5,13.04,61.7973,75500.0,43.3391,15.7337,8.1005,15.9414,49.0705,27.1575,48.0,51.444,33.4495,2.2,50.2,9.4,55.3,7.2178,4.1541,4.6266,36.6589,1085.0,39.9207,38.9422,13.0787,4.9769,4.6296,78.6811,52.0332
"Arran-Elderslie, Municipality (MU)",Arran-Elderslie,MU,6913.0,15.1,1.6,458.76,59.565,80000.0,47.2318,20.107,9.0409,15.8397,48.3148,22.4215,42.0,53.3505,28.5458,2.4,60.5,7.1,65.2,3.6887,1.5912,2.0866,22.3022,1028.0,36.6931,32.3758,12.6437,3.0172,4.3103,33.0974,43.598
"Ashfield-Colborne-Wawanosh, Township (TP)",Ashfield-Colborne-Wawanosh,TP,5884.0,10.0,8.5,586.88,58.4794,78000.0,45.5017,17.76,9.7723,14.1061,44.6125,27.7872,51.2,42.6184,23.3051,2.5,54.5,5.1,57.4,8.1577,1.1897,3.501,9.7665,970.0,33.4088,26.3161,8.1967,3.4608,3.8251,28.5604,40.7785
"Asphodel-Norwood, Township (TP)",Asphodel-Norwood,TP,4658.0,28.8,13.4,161.62,56.9056,80000.0,47.2318,16.316,9.1241,16.2087,50.4508,24.0447,46.0,49.1289,20.8791,2.5,52.4,10.0,58.2,5.6891,3.1129,3.5477,12.973,1100.0,40.7701,32.431,14.6453,4.3478,4.119,40.4306,43.1892
"Assiginack, Township (TP)",Assiginack,TP,1008.0,4.5,-0.5,224.89,46.5988,73500.0,41.609,12.8968,9.4246,11.4087,50.0992,28.2738,53.6,41.6667,31.1111,2.2,52.0,5.3,55.0,5.4563,0.0,1.9097,17.7778,720.0,19.2525,18.8101,13.0435,5.4348,6.5217,20.3046,35.204
"Athens, Township (TP)",Athens,TP,3042.0,23.5,0.8,129.54,54.0358,85000.0,51.5571,14.2998,9.8619,13.8067,51.7751,24.1617,50.8,52.1277,21.8107,2.5,51.8,13.0,59.5,3.9448,0.6575,1.7094,9.465,840.0,26.0476,21.0728,9.5563,6.4846,2.7304,38.0981,42.4597
"Atikokan, Town (T)",Atikokan,T,2642.0,8.4,-4.0,313.64,53.0864,69000.0,37.7163,13.626,10.2195,13.626,49.9621,26.4951,51.6,50.3401,40.4762,2.1,46.4,7.6,50.5,5.1098,3.2173,3.4538,17.4603,740.0,20.3851,19.5076,9.633,5.0459,3.211,26.6882,37.0949
"Attawapiskat 91A, Indian reserve (IRI)",Attawapiskat 91A,IRI,1586.0,905.0,5.7,1.75,49.65,53600.0,24.3945,34.6784,19.8613,24.5902,40.0378,5.3594,22.4,85.3333,11.1111,4.4,31.7,8.3,34.6,,0.6305,0.3153,29.4118,,,8.8235,11.7647,0.0,2.9412,81.0997,46.9796
"Augusta, Township (TP)",Augusta,TP,7386.0,23.5,0.4,313.77,60.0108,96000.0,61.0727,14.2161,10.0867,14.0807,51.3133,24.3027,49.2,46.7641,19.1525,2.5,55.5,7.9,60.2,5.6187,1.2862,2.6097,8.1218,1100.0,40.7701,30.9756,11.1989,3.9526,3.4256,38.0981,46.5671
"Aurora, Town (T)",Aurora,T,62057.0,1241.1,11.9,50.0,74.3498,119000.0,80.9689,17.0488,12.8914,16.7991,54.6755,15.3971,42.0,68.9608,17.089,2.9,59.4,11.8,67.3,36.3698,38.5049,32.2345,18.7587,1860.0,83.8052,64.2913,11.3808,4.4016,3.3765,84.8578,65.6197
"Aylmer, Town (T)",Aylmer,T,7699.0,1208.6,2.8,6.37,60.2904,73500.0,41.609,20.2624,11.7548,19.2882,47.8634,20.1325,39.2,57.3427,28.2219,2.5,54.6,9.8,60.4,16.8204,3.1173,7.5237,31.3214,1034.0,37.0328,35.3194,9.7765,5.7263,5.3073,84.542,52.4164
"Bancroft, Town (T)",Bancroft,T,4065.0,17.9,4.7,227.54,55.9884,57200.0,27.5087,12.1771,8.1181,13.0381,45.6335,34.0713,56.0,46.7249,35.0,2.1,41.5,11.8,47.3,5.0431,2.337,2.9336,34.4444,864.0,27.4066,29.5179,16.9381,8.7948,5.8632,35.0072,36.6687
"Barrie, City (CY)",Barrie,CY,147829.0,1493.1,4.5,99.01,80.1976,93000.0,58.4775,16.7389,12.9474,21.393,54.4142,15.9069,39.2,64.048,23.9266,2.6,58.1,12.5,66.4,16.6679,16.81,14.5538,32.324,1526.0,64.8924,55.1219,13.3342,6.2892,3.9068,87.0579,63.0057
"Bayham, Municipality (MU)",Bayham,MU,7096.0,29.0,-4.1,244.6,59.741,83000.0,49.827,25.2255,14.5857,16.6995,45.4481,14.938,34.4,60.0,18.7638,3.1,54.3,10.6,60.8,18.3202,2.0434,7.4655,11.479,870.0,27.7463,22.8661,7.2785,3.6392,5.2215,40.5103,44.6694
"Beckwith, Township (TP)",Beckwith,TP,9021.0,37.7,18.0,239.31,61.3579,126000.0,87.0242,17.2376,10.2539,15.0205,56.1468,16.2953,44.4,52.4648,15.5786,2.7,63.3,6.4,67.7,6.9837,3.4919,4.1902,3.7092,1080.0,39.6376,28.8591,9.5286,4.6138,5.5165,43.5432,54.4543
"Belleville, City (CY)",Belleville,CY,55071.0,222.8,8.6,247.15,73.5452,73000.0,41.1765,14.9353,10.7679,18.2038,50.6346,23.6604,45.2,53.7439,31.1663,2.3,49.2,11.9,55.8,9.061,9.0701,7.9815,37.4549,1122.0,42.0159,40.6476,13.8799,7.0105,3.4448,64.4453,52.0356
"Black River-Matheson, Township (TP)",Black River-Matheson,TP,2572.0,2.2,5.5,1161.89,52.9055,75000.0,42.9066,18.0793,9.7201,15.7465,51.1275,21.3841,46.8,46.0526,28.7037,2.4,54.0,8.6,58.8,4.2768,1.3608,2.1773,17.5926,780.0,22.6501,21.1328,7.438,2.0661,7.8512,13.8538,36.6797
"Blandford-Blenheim, Township (TP)",Blandford-Blenheim,TP,7565.0,19.8,2.2,382.03,60.1721,107000.0,70.5882,17.5149,11.1038,17.0522,53.8665,17.3827,42.8,56.1822,16.9065,2.7,64.3,6.9,69.2,7.0059,2.9081,3.926,14.5683,948.0,32.1631,26.8847,7.3113,3.3019,5.4245,36.1481,49.2964
"Blind River, Town (T)",Blind River,T,3422.0,6.7,-1.4,513.98,54.8286,66500.0,35.5536,14.173,8.9129,12.7119,50.4091,26.7387,52.8,46.4115,32.8125,2.1,45.4,11.7,51.6,4.0912,1.315,2.0894,29.375,740.0,20.3851,23.082,15.917,5.8824,5.5363,24.3122,36.4928
"Bluewater, Municipality (MU)",Bluewater,MU,7540.0,18.1,5.7,416.7,60.1499,85000.0,51.5571,14.5225,9.748,15.4509,48.4748,27.2546,52.0,43.2314,29.5008,2.3,56.4,5.9,60.0,6.8966,0.9947,2.941,16.5152,852.0,26.7271,23.6635,9.247,4.6235,3.3025,35.1326,45.1392
"Bonfield, Township (TP)",Bonfield,TP,2146.0,10.4,7.8,206.22,51.6861,77000.0,44.6367,15.3774,8.6207,15.8434,56.384,20.2703,48.0,48.5075,24.7191,2.4,48.1,7.3,51.9,2.3299,2.0969,1.8639,11.1732,920.0,30.5776,24.7563,13.8298,2.1277,5.3191,28.9858,37.7433
"Bonnechere Valley, Township (TP)",Bonnechere Valley,TP,3898.0,6.6,6.1,588.36,55.7058,68000.0,36.8512,13.0836,9.2355,11.9292,46.9472,30.2719,54.4,44.0678,31.1239,2.2,44.9,8.9,49.3,4.746,1.1544,2.2383,16.3793,900.0,29.4451,25.5253,11.8012,4.3478,5.2795,24.1565,36.2483
"Bracebridge, Town (T)",Bracebridge,T,17305.0,28.1,8.1,615.2,65.7464,85000.0,51.5571,13.3487,9.1014,14.5912,49.4944,28.0266,51.2,49.4163,27.9391,2.3,53.5,9.9,59.4,7.1945,2.9471,4.061,20.4011,1249.0,49.2072,40.5654,15.1032,4.9558,4.3658,40.1475,46.8362
"Bradford West Gwillimbury, Town (T)",Bradford West Gwillimbury,T,42880.0,213.7,21.4,200.68,71.8595,114000.0,76.6436,21.4202,10.8442,18.4118,54.7808,12.9081,37.6,70.6612,13.6787,3.2,61.6,11.4,69.4,32.2528,30.667,26.7741,16.5114,1608.0,69.5357,53.6284,12.3388,4.4909,4.0685,63.9509,59.6507
"Brampton, City (CY)",Brampton,CY,656480.0,2469.0,10.6,265.89,90.2415,111000.0,74.0484,17.9229,15.1726,24.3336,54.4403,12.465,36.0,73.934,12.1335,3.6,57.9,13.3,66.8,52.3535,79.7968,59.1362,21.9159,1628.0,70.6682,56.0425,11.7668,4.7417,3.199,93.0453,70.9597
"Brant, City (CY)",Brant,CY,39474.0,48.3,10.8,817.66,71.3019,106000.0,69.7232,16.9859,11.2479,15.8459,51.4009,20.3805,44.0,56.3482,18.9812,2.7,59.8,8.8,65.6,10.4879,6.5613,7.0065,12.2819,1271.0,50.453,39.0017,9.4823,4.3541,4.2574,46.4266,54.1167
"Brantford, City (CY)",Brantford,CY,104688.0,1061.2,6.2,98.65,77.8728,79500.0,46.7993,17.1653,11.582,19.5247,52.3508,18.9133,40.8,62.141,27.9664,2.5,53.8,12.4,61.4,15.3743,15.0734,13.1018,34.0012,1189.0,45.8097,42.2672,11.7699,6.0172,4.2336,82.9942,58.4565
"Brighton, Municipality (MU)",Brighton,MU,12108.0,54.2,2.2,223.24,63.3405,81000.0,48.0969,11.2735,8.0525,13.3796,47.6131,33.0773,56.0,40.6045,24.2273,2.3,42.6,10.2,47.5,12.0994,4.4599,6.4957,14.2572,1174.0,44.9604,35.7494,10.8395,5.101,4.5696,47.773,44.8927
"Brock, Township (TP)",Brock,TP,12567.0,29.7,7.9,422.64,63.5912,92000.0,57.6125,16.9492,9.1112,16.8696,51.8819,22.0419,44.4,55.1075,23.1975,2.6,58.2,8.6,63.8,7.838,4.5755,5.0668,18.3716,1188.0,45.7531,37.5387,10.6383,3.7037,4.5705,40.785,48.2993
"Brockton, Municipality (MU)",Brockton,MU,9784.0,17.3,3.4,564.64,61.9048,84000.0,50.692,17.4775,10.0675,15.6378,49.213,23.4056,44.8,51.8519,28.9082,2.4,58.1,6.4,62.1,3.9861,1.993,2.4836,20.8437,988.0,34.4281,30.3528,9.4693,4.2664,5.2029,34.6229,44.8729
"Brockville, City (CY)",Brockville,CY,22116.0,1057.8,2.5,20.91,67.3989,63600.0,33.045,12.0275,10.0606,16.0743,47.9969,29.9331,51.6,49.9593,38.5915,2.0,44.4,14.5,51.9,10.3771,6.3077,6.8469,42.884,1014.0,35.9003,37.9954,15.8479,8.1352,3.5394,82.956,51.4733
"Brooke-Alvinston, Municipality (MU)",Brooke-Alvinston,MU,2359.0,7.6,-2.2,311.41,52.3234,82000.0,48.9619,18.44,12.7173,18.44,49.1734,19.4998,41.6,56.2044,24.5902,2.6,57.2,9.2,63.0,4.663,1.4837,2.3739,15.7609,820.0,24.9151,22.1688,7.2034,4.661,4.661,25.6288,39.1952
"Brudenell, Lyndoch and Raglan, Township (TP)","Brudenell, Lyndoch and Raglan",TP,1552.0,2.2,3.3,701.29,49.5041,62000.0,31.6609,11.2758,9.0206,10.6314,50.5799,29.6392,55.6,43.299,29.7101,2.2,37.0,19.5,45.6,6.1211,1.2887,2.7867,8.6957,640.0,14.7225,12.9145,11.2903,5.6452,4.0323,13.8538,31.0383
"Burlington, City (CY)",Burlington,CY,186948.0,1004.4,2.0,186.12,81.7793,110000.0,73.1834,15.9938,11.1314,15.852,51.9155,20.9577,44.4,61.2811,25.1845,2.5,58.1,10.7,65.0,25.253,20.5351,19.2405,24.8992,1706.0,75.0849,60.0292,11.9729,4.7107,3.5292,82.3396,65.6764
"Caledon, Town (T)",Caledon,T,76581.0,111.2,15.2,688.82,75.7666,133000.0,93.0796,17.1779,14.3508,18.3596,53.5773,14.8797,40.8,68.5063,13.27,3.2,60.9,11.2,68.5,29.015,32.6648,26.7139,10.6518,1776.0,79.0487,58.5296,11.3674,3.5077,4.1498,56.2214,62.1831
"Callander, Municipality (MU)",Callander,MU,3964.0,38.5,2.6,102.98,55.8189,101000.0,65.3979,14.2533,8.9556,11.6044,52.8507,23.7134,50.4,47.0356,22.0183,2.4,54.5,7.8,59.2,4.2886,2.2704,2.6362,12.2324,1000.0,35.1076,28.245,11.2532,5.8824,3.8363,43.7869,47.0607
"Cambridge, City (CY)",Cambridge,CY,138479.0,1225.5,6.6,112.99,79.7574,93000.0,58.4775,17.6742,12.1174,20.1547,54.2176,16.0024,39.2,64.3858,23.1519,2.7,58.4,11.5,66.0,22.9854,23.6354,20.1404,31.1196,1310.0,52.6614,46.1988,11.8081,4.97,3.7637,84.7072,62.2393
"Carleton Place, Town (T)",Carleton Place,T,12517.0,1259.4,17.6,9.94,63.5643,89000.0,55.0173,17.8957,9.1875,17.8158,52.2489,20.572,41.6,57.3187,27.6392,2.4,59.5,7.8,64.6,7.7095,6.4712,5.9639,29.9137,1432.0,59.5696,50.6729,13.5474,5.7948,4.072,85.032,57.4269
"Carling, Township (TP)",Carling,TP,1491.0,6.1,32.5,244.32,49.2341,84000.0,50.692,9.725,6.7069,11.4017,51.6432,31.8578,58.0,33.6735,28.777,2.1,49.2,7.1,53.4,8.719,0.0,3.0516,5.7554,520.0,7.9275,7.2759,10.1449,2.8986,5.0725,23.3459,36.9578
"Casselman, Village (VL)",Casselman,VL,3960.0,772.2,11.6,5.13,55.8121,99000.0,63.6678,16.4141,10.7323,18.4343,52.0202,20.9596,43.6,54.5455,25.3165,2.4,64.2,5.1,67.8,5.5556,8.5859,6.2374,27.3016,1108.0,41.2231,37.0466,10.2439,7.0732,2.9268,79.2119,56.072
"Cavan Monaghan, Township (TP)",Cavan Monaghan,TP,10016.0,32.7,13.4,306.39,62.0627,110000.0,73.1834,17.7716,9.3351,15.3754,51.7672,21.0663,44.8,55.8484,15.493,2.8,58.2,9.2,64.1,7.5379,5.1917,5.2566,8.7324,1300.0,52.0951,39.0863,8.8176,2.6052,4.2084,41.8955,50.8394
"Central Elgin, Municipality (MU)",Central Elgin,MU,13746.0,49.1,9.0,279.87,64.1953,103000.0,67.128,14.5133,9.8938,13.3857,52.5971,22.9521,48.8,49.7136,20.1465,2.5,57.1,9.4,63.0,9.7483,3.0554,4.9669,10.348,1120.0,41.9026,32.4362,11.0345,4.2069,4.0,46.6183,50.9391
"Central Frontenac, Township (TP)",Central Frontenac,TP,4892.0,4.9,11.9,991.41,57.2357,70000.0,38.5813,11.8561,8.4832,12.0605,49.2641,30.2535,55.6,41.7763,28.6697,2.2,40.5,12.4,46.0,6.6435,2.453,3.5517,12.6147,735.0,20.1019,17.8558,12.4668,5.305,4.5093,21.1407,35.7477
"Central Huron, Municipality (MU)",Central Huron,MU,7799.0,17.4,2.9,449.43,60.3774,80000.0,47.2318,16.0918,10.0013,14.1685,46.9291,26.9906,48.8,47.4468,27.5651,2.3,57.7,6.2,61.4,7.1163,1.8592,3.4876,18.8073,920.0,30.5776,27.0465,9.475,5.3777,6.0179,34.6878,44.2739
"Central Manitoulin, Municipality (MU)",Central Manitoulin,MU,2235.0,5.2,7.2,427.61,51.9597,70000.0,38.5813,10.2908,6.4877,8.7248,46.5324,36.689,58.4,33.8028,31.9048,2.1,43.1,8.3,47.0,5.1454,0.4474,2.0246,24.2857,990.0,34.5413,31.4646,17.6136,6.8182,3.9773,21.7315,34.8355
"Centre Hastings, Municipality (MU)",Centre Hastings,MU,4801.0,21.5,0.6,222.79,57.1092,77500.0,45.0692,15.4135,9.4772,14.0596,49.2606,25.6197,49.2,49.3103,25.0,2.4,48.6,10.0,53.9,6.1446,1.5622,2.9317,15.2455,910.0,30.0113,25.5816,10.7656,3.8278,3.5885,37.0838,41.369
"Centre Wellington, Township (TP)",Centre Wellington,TP,31093.0,75.9,10.3,409.41,69.6941,101000.0,65.3979,17.1743,10.549,15.9843,49.9952,22.3041,44.4,54.2903,22.6722,2.6,60.3,7.2,64.9,11.0957,5.0976,6.4854,19.4236,1340.0,54.3601,43.8792,10.2651,5.0247,4.0382,51.7218,54.0688
"Champlain, Township (TP)",Champlain,TP,8665.0,41.9,-0.5,207.02,61.0867,83000.0,49.827,12.8102,9.0017,13.041,50.7213,27.4091,52.4,44.0647,25.3333,2.3,52.2,8.0,56.7,5.8857,2.7698,3.5141,20.6667,854.0,26.8403,24.9882,12.8606,4.4471,3.9663,44.7704,45.57
"Chapleau, Township (TP)",Chapleau,TP,1942.0,147.1,-1.1,13.2,51.0135,84000.0,50.692,14.6756,10.0412,15.9629,51.7508,23.172,47.6,49.1379,30.4598,2.2,55.1,6.9,58.9,2.3172,2.5747,2.0984,23.2558,820.0,24.9151,24.4173,10.8696,4.3478,2.7174,59.5278,48.2178
"Chatham-Kent, Municipality (MU)",Chatham-Kent,MU,103988.0,42.4,2.3,2451.9,77.8276,72000.0,40.3114,15.9153,10.8618,15.9441,49.6211,23.5941,46.4,53.1177,30.3429,2.3,51.2,10.7,57.4,8.8856,6.4334,6.4031,27.9809,894.0,29.1053,28.768,12.3905,5.8615,4.1719,44.9084,48.893
"Chatsworth, Township (TP)",Chatsworth,TP,7080.0,11.9,6.8,594.44,59.7258,81000.0,48.0969,17.7966,10.3814,15.0424,49.7175,21.9633,46.0,49.2991,21.1111,2.6,54.9,8.2,59.7,6.9915,2.2599,3.5982,9.2764,810.0,24.3488,19.8271,10.5417,2.6354,5.1245,30.4581,42.3768
"Chisholm, Township (TP)",Chisholm,TP,1312.0,6.4,1.6,205.77,48.3731,78000.0,45.5017,19.0549,8.003,12.9573,52.9726,20.1982,44.8,48.1013,21.7822,2.6,49.8,14.7,58.4,8.003,1.1433,3.3727,4.8544,640.0,14.7225,11.7621,4.9587,9.9174,2.4793,23.8388,36.5242
"Clarence-Rockland, City (C)",Clarence-Rockland,C,26505.0,89.1,8.1,297.47,68.6185,106000.0,69.7232,17.7702,9.7717,16.3931,53.7634,18.6569,43.2,54.0625,20.5547,2.6,61.1,6.5,65.3,5.98,7.1119,5.6744,18.3168,1177.0,45.1302,37.0862,11.176,3.3601,4.4558,53.6087,55.1412
"Clarington, Municipality (MU)",Clarington,MU,101427.0,166.0,10.2,610.84,77.6596,112000.0,74.9135,19.344,11.2889,18.2496,53.9206,15.4495,39.2,64.767,18.2058,2.8,59.5,11.0,66.9,15.0897,16.3812,13.5326,14.3255,1620.0,70.2152,53.4483,11.2563,4.7808,4.0424,60.9584,60.0937
"Clearview, Township (TP)",Clearview,TP,14814.0,26.6,4.7,556.37,64.6993,97000.0,61.9377,15.9646,11.1381,17.4835,53.0242,19.8123,44.8,55.5305,20.377,2.6,60.6,9.4,67.0,7.8979,3.4089,4.4789,14.7217,1300.0,52.0951,40.8831,9.2317,5.0186,4.7088,39.5172,49.4069
"Cobourg, Town (T)",Cobourg,T,20519.0,915.7,5.6,22.41,66.894,77000.0,44.6367,12.3544,8.7967,13.4266,44.8121,34.0416,54.8,47.7759,32.3481,2.2,44.5,12.4,50.8,12.4275,4.8248,6.7913,31.3082,1334.0,54.0204,47.2067,13.8759,6.8501,3.63,81.2396,53.41
"Cochrane, Town (T)",Cochrane,T,5390.0,10.0,1.3,537.9,57.8887,75500.0,43.3391,17.9035,11.1317,16.2338,50.4638,20.5937,43.6,52.6814,31.1015,2.3,51.8,7.9,56.4,1.6698,1.9481,1.6558,28.7257,910.0,30.0113,29.6256,11.5702,5.5785,3.5124,28.5604,41.5753
"Cochrane, Unorganized, North Part, Unorganized (NO)","Cochrane, Unorganized, North Part",NO,2546.0,0.0,-11.1,130291.63,52.8371,97000.0,61.9377,15.5145,10.0157,14.3362,55.1846,19.2459,48.8,46.3415,21.7391,2.4,50.2,10.7,56.5,3.3386,1.7675,2.1112,12.0192,660.0,15.855,14.7043,10.0,5.8333,5.4167,0.0,37.2608
"Collingwood, Town (T)",Collingwood,T,24811.0,748.3,13.8,33.15,68.1736,82000.0,48.9619,13.3006,8.9476,14.7918,47.8014,29.9665,50.8,49.1941,34.094,2.2,48.9,12.8,56.1,12.9177,6.7309,7.9561,27.2158,1534.0,65.3454,53.9065,13.5872,11.8563,3.9377,78.8379,54.9783
"Cornwall, City (CY)",Cornwall,CY,47845.0,777.9,2.7,61.5,72.5976,60000.0,29.9308,15.6861,9.9697,17.494,48.9706,25.3841,46.4,54.6845,35.9364,2.2,45.8,12.4,52.3,8.12,9.6039,7.8164,46.3534,931.0,31.2005,35.7463,18.0601,7.0725,4.1172,79.2994,51.8998
"Cramahe, Township (TP)",Cramahe,TP,6509.0,32.2,2.4,202.22,59.1594,86000.0,52.4221,14.2111,9.6021,15.4402,53.1572,22.8914,49.2,50.495,22.2649,2.5,54.0,7.9,58.7,8.2962,3.2263,4.5168,14.6154,1020.0,36.2401,29.7527,10.9568,5.2469,5.0926,41.7175,45.4389
"Curve Lake First Nation 35, Indian reserve (IRI)",Curve Lake First Nation 35,IRI,1244.0,187.4,17.5,6.64,48.0148,53200.0,24.0484,17.283,9.6463,14.4695,51.8489,21.7042,48.4,61.6438,32.4074,2.3,36.6,20.8,46.8,,0.0,0.0,12.1212,,,3.6364,12.5,2.2727,4.5455,62.3945,37.6518
"Dawn-Euphemia, Township (TP)",Dawn-Euphemia,TP,1968.0,4.4,0.1,445.14,51.103,83000.0,49.827,19.0549,10.6707,15.2439,49.2886,20.8333,43.6,52.1739,23.5294,2.6,60.2,7.8,65.3,6.6057,4.3191,4.4715,16.9935,680.0,16.9875,16.9893,5.4726,3.4826,3.9801,20.086,38.6923
"Deep River, Town (T)",Deep River,T,4175.0,83.0,1.6,50.27,56.1682,95000.0,60.2076,16.1677,8.982,14.2515,48.8623,26.3473,47.6,48.7805,32.4397,2.2,48.5,6.6,51.9,15.3293,11.2575,11.0659,20.1072,1044.0,37.5991,32.3515,9.0909,6.5341,3.9773,52.7737,48.8379
"Deer Lake, Indian reserve (IRI)",Deer Lake,IRI,1087.0,79.6,25.4,13.65,47.1067,64500.0,33.8235,35.4186,16.0994,21.6191,46.4581,2.2999,23.4,88.4615,13.4615,4.1,42.1,13.0,49.3,,1.8399,0.92,15.3846,,,4.6154,4.6154,0.0,0.0,52.2816,39.9562
"Deseronto, Town (T)",Deseronto,T,1747.0,693.5,-1.5,2.52,50.301,63600.0,33.045,18.8895,9.731,16.0275,53.5203,18.6033,44.0,59.1837,29.6552,2.4,46.0,16.0,54.7,4.0069,2.0034,2.4041,29.8611,890.0,28.8788,29.1735,14.0845,4.9296,3.5211,77.9333,44.7364
"Douro-Dummer, Township (TP)",Douro-Dummer,TP,7632.0,16.6,13.8,459.46,60.2315,96000.0,61.0727,15.8543,9.8926,14.282,51.1006,23.0608,48.4,51.2658,19.8291,2.6,54.7,9.0,60.0,6.0928,2.555,3.41,4.7863,1080.0,39.6376,29.1822,10.8179,5.0132,3.4301,34.1584,45.7096
"Drummond/North Elmsley, Township (TP)",Drummond/North Elmsley,TP,8183.0,22.4,5.3,365.67,60.7011,98000.0,62.8028,14.359,9.532,14.2979,51.2037,24.9297,50.8,46.8691,19.9088,2.5,55.6,7.2,60.1,5.377,1.8942,2.829,6.6869,1160.0,44.1676,32.9234,12.1655,4.3796,5.5961,37.551,47.012
"Dryden, City (CY)",Dryden,CY,7388.0,112.7,-4.7,65.58,60.0127,82000.0,48.9619,13.6708,11.0314,17.3254,51.4348,23.8901,48.0,50.4695,33.635,2.2,53.1,8.3,58.0,5.9556,4.1283,4.3009,26.8882,918.0,30.4643,29.3915,15.8485,8.6957,4.0673,56.3796,48.3871
"Dutton/Dunwich, Municipality (MU)",Dutton/Dunwich,MU,4152.0,14.1,7.4,294.38,56.131,90000.0,55.8824,17.4615,10.1156,17.2206,52.5048,19.8699,44.0,54.6185,22.884,2.6,60.1,9.3,66.3,5.5395,1.9268,2.9022,16.6144,820.0,24.9151,22.4249,10.9865,5.157,5.6054,32.3336,44.2292
"Dysart et al, Municipality (MU)",Dysart et al,MU,7182.0,4.9,14.4,1474.22,59.8222,78000.0,45.5017,9.12,7.5188,11.5567,47.5494,35.7143,59.2,35.9031,30.9417,2.1,44.9,9.0,49.5,7.658,1.7405,3.5819,15.2466,960.0,32.8426,27.5638,13.44,6.24,4.48,21.1407,38.6739
"East Ferris, Municipality (MU)",East Ferris,MU,4946.0,32.6,1.7,151.94,57.3097,109000.0,72.3183,15.6692,9.0983,12.5354,54.3874,20.8249,48.0,47.6489,16.4021,2.6,57.0,9.3,62.7,3.6393,1.0109,1.7792,5.0132,1200.0,46.4326,34.0068,8.6694,3.0242,4.8387,41.8601,48.9918
"East Garafraxa, Township (TP)",East Garafraxa,TP,2794.0,16.8,8.3,166.5,53.4631,137000.0,96.5398,16.2849,13.7795,15.3901,53.5075,16.1059,44.0,61.8182,12.2222,3.1,64.9,8.7,71.1,15.927,10.9162,11.0326,8.2873,1440.0,60.0227,44.502,9.2308,7.0769,3.6923,34.293,52.7079
"East Gwillimbury, Town (T)",East Gwillimbury,T,34637.0,141.4,44.4,244.91,70.4213,119000.0,80.9689,19.1558,11.2019,17.9865,55.7641,13.8724,39.6,66.551,13.8865,3.0,60.7,11.5,68.6,28.4234,29.5638,24.886,15.7711,1988.0,91.0532,68.4686,10.5548,4.249,3.8701,59.0604,58.9515
"East Hawkesbury, Township (TP)",East Hawkesbury,TP,3418.0,14.5,3.7,235.06,54.8207,81000.0,48.0969,15.0673,7.7531,14.1896,53.5401,23.6981,50.8,46.1538,24.9123,2.4,57.5,7.3,62.0,6.4365,3.9497,4.2276,13.6364,890.0,28.8788,24.3061,9.1168,2.849,5.1282,32.645,41.5149
"East Zorra-Tavistock, Township (TP)",East Zorra-Tavistock,TP,7841.0,32.4,10.2,241.96,60.4135,100000.0,64.5329,17.6636,10.7767,17.5998,51.1414,20.4056,42.4,54.4662,22.6891,2.6,66.5,5.7,70.6,7.4608,3.8898,4.5562,18.5185,964.0,33.0691,28.7039,7.631,2.8474,4.5558,41.789,50.3083
"Edwardsburgh/Cardinal, Township (TP)",Edwardsburgh/Cardinal,TP,7505.0,24.2,6.1,309.91,60.1185,84000.0,50.692,15.1899,8.994,15.4564,52.9647,22.9181,48.4,51.5152,25.1592,2.4,53.8,9.3,59.3,5.0633,1.5323,2.5383,19.2982,1020.0,36.2401,31.1575,12.8205,4.1835,4.8583,38.4336,44.2544
"Elizabethtown-Kitley, Township (TP)",Elizabethtown-Kitley,TP,9545.0,17.2,-0.9,555.96,61.7382,91000.0,56.7474,13.5149,10.0576,13.8292,51.5453,24.9869,51.2,47.6744,20.3166,2.5,56.8,8.3,62.0,5.8669,1.8334,2.9859,9.4987,1048.0,37.8256,29.3275,11.2805,4.3699,3.9634,34.5577,45.6021
"Elliot Lake, City (CY)",Elliot Lake,CY,11372.0,16.3,5.9,696.06,62.9181,50000.0,21.2803,10.3324,6.3753,10.7721,43.3521,39.9226,60.4,38.9058,39.8458,1.9,29.4,16.5,35.2,10.3764,2.5941,4.9486,39.2123,822.0,25.0283,29.2835,15.2941,5.5882,3.9706,33.9536,35.7783
"Emo, Township (TP)",Emo,TP,1204.0,6.0,-9.7,202.28,47.7948,94000.0,59.3426,19.103,12.4585,18.6877,50.6645,18.6877,41.2,54.4118,26.5957,2.5,63.3,7.5,68.4,5.3987,0.0,1.8895,23.6559,600.0,12.4575,15.817,15.7895,2.2556,6.015,23.177,41.3279
"Englehart, Town (T)",Englehart,T,1442.0,494.2,-2.5,2.92,49.0091,67500.0,36.4187,15.9501,9.0153,18.3773,46.81,27.3925,46.4,51.9481,41.6058,2.0,51.3,7.0,55.7,2.4272,2.4272,2.0631,32.3529,645.0,15.0057,20.2098,14.5161,5.6452,3.2258,73.9048,46.4251
"Enniskillen, Township (TP)",Enniskillen,TP,2825.0,8.4,1.0,338.05,53.5374,104000.0,67.9931,16.8142,10.7965,15.5752,48.8496,23.3628,47.2,51.2195,20.6731,2.6,61.1,5.2,64.4,6.0177,3.0088,3.6106,13.9423,820.0,24.9151,21.6232,8.3045,1.7301,4.4983,26.6882,45.2788
"Erin, Town (T)",Erin,T,11981.0,40.1,4.7,298.81,63.2695,127000.0,87.8893,15.149,11.9773,15.7332,55.5045,17.4026,46.8,57.8019,15.1659,2.8,63.6,8.2,69.4,17.1522,9.1812,10.6252,9.9526,1285.0,51.2458,38.8578,8.8023,3.2468,4.1126,44.2599,55.5232
"Espanola, Town (T)",Espanola,T,5185.0,64.0,2.7,81.0,57.6275,78000.0,45.5017,15.0434,8.3896,15.5256,51.4947,25.1688,48.8,49.359,30.5857,2.2,47.8,9.4,52.6,4.3394,3.2787,3.2015,24.2424,924.0,30.8041,28.8356,15.3499,6.9977,5.1919,49.7194,45.4174
"Essa, Township (TP)",Essa,TP,22970.0,82.1,9.0,279.92,67.6542,108000.0,71.4533,20.1567,11.1232,19.6125,56.8568,11.8633,37.6,63.9137,16.2893,2.9,63.0,10.7,70.5,11.6674,9.7519,9.0248,19.3711,1280.0,50.9626,41.4852,10.1959,4.998,4.0384,52.6454,54.9201
"Essex, Town (T)",Essex,T,21216.0,76.4,3.9,277.53,67.1191,87000.0,53.2872,15.2951,11.0058,16.3556,51.777,21.9174,46.8,55.0481,25.6853,2.5,53.3,12.5,61.0,8.4842,4.5013,5.2378,14.6516,968.0,33.2956,27.7024,10.254,5.7499,4.5999,51.799,49.5725
"Factory Island 1, Indian reserve (IRI)",Factory Island 1,IRI,1376.0,423.7,-11.8,3.25,48.6937,75500.0,43.3391,26.8895,13.4448,23.6192,50.8721,8.7209,31.0,83.7838,16.25,3.5,44.3,16.0,52.7,,0.0,0.0,30.7692,,,9.2308,7.2917,4.1667,0.0,72.0756,47.6287
"Faraday, Township (TP)",Faraday,TP,1612.0,7.4,15.1,217.44,49.7594,64000.0,33.391,10.2357,7.7543,11.7866,51.4888,31.3275,57.2,40.1961,31.7881,2.1,38.9,17.8,47.4,8.3747,1.2407,3.5515,9.9338,840.0,26.0476,21.2134,18.1102,7.874,3.937,25.3485,33.0529
"Fort Erie, Town (T)",Fort Erie,T,32901.0,197.9,7.1,166.24,70.0748,76000.0,43.7716,13.3887,9.5286,14.2853,49.8161,27.2636,51.6,49.925,27.7699,2.3,46.4,15.4,54.8,16.3521,7.7353,9.6707,20.2415,1073.0,39.2412,33.5413,12.4497,8.557,5.4698,63.0404,49.9177
"Fort Frances, Town (T)",Fort Frances,T,7466.0,292.2,-3.5,25.55,60.0834,76500.0,44.2042,14.9344,11.184,17.4123,50.4286,23.4396,46.4,54.4811,36.087,2.1,54.8,8.1,59.7,5.2237,2.5449,3.161,26.9956,828.0,25.3681,25.8563,13.205,7.4278,2.751,67.6624,50.1499
"French River / Rivière des Français, Municipality (M)",French River / Rivière des Français,M,2828.0,3.9,6.2,717.91,53.5446,68000.0,36.8512,11.3154,6.0113,9.7242,51.273,31.8246,58.0,34.0541,31.7518,2.0,43.0,13.9,49.9,4.9505,1.4144,2.4399,12.6354,740.0,20.3851,18.0601,11.0656,7.377,1.2295,18.9287,34.6122
"Front of Yonge, Township (TP)",Front of Yonge,TP,2595.0,20.7,-0.3,125.25,52.9655,86000.0,52.4221,12.9094,9.2486,13.4875,54.1426,24.2775,51.6,45.509,22.3256,2.4,52.9,8.8,58.0,4.817,1.1561,2.264,8.3721,1020.0,36.2401,27.8797,15.9533,2.3346,3.8911,36.6526,41.7896
"Frontenac Islands, Township (TP)",Frontenac Islands,TP,1930.0,10.9,9.7,176.82,50.9717,90000.0,55.8824,8.8083,8.2902,9.3264,46.3731,36.5285,59.6,34.3511,26.6667,2.1,46.6,9.9,52.0,9.3264,1.0363,3.7824,7.1823,920.0,30.5776,23.559,3.3708,3.9326,3.9326,29.4971,41.4407
"Gananoque, Town (T)",Gananoque,T,5383.0,768.4,4.3,7.01,57.88,67000.0,35.9862,11.9822,8.6383,13.9328,49.6935,29.6303,53.2,47.8964,37.6953,2.0,49.3,12.0,56.1,7.3379,2.6937,3.9151,36.2035,1048.0,37.8256,37.339,11.7764,9.3812,3.7924,79.1532,49.6464
"Garden River 14, Indian reserve (IRI)",Garden River 14,IRI,1071.0,5.0,-4.8,213.71,47.0069,54400.0,25.0865,21.0084,12.1382,18.2073,53.6881,13.5387,38.8,73.7705,27.381,2.6,43.8,14.0,50.9,,0.9337,0.4669,11.5385,,,3.4615,8.4337,0.0,3.6145,21.3409,31.0769
"Georgian Bay, Township (TP)",Georgian Bay,TP,3441.0,6.6,36.9,525.29,54.8659,82000.0,48.9619,8.8637,6.6841,11.6245,51.7291,33.1299,58.4,38.1818,32.8313,2.1,43.5,10.5,48.6,10.7527,2.0343,4.8678,10.574,1080.0,39.6376,30.9185,10.2041,7.1429,3.0612,24.1565,38.4697
"Georgian Bluffs, Township (TP)",Georgian Bluffs,TP,11100.0,18.5,5.9,599.96,62.755,94000.0,59.3426,14.2342,9.5045,12.7928,50.045,26.3063,51.2,44.7222,19.5773,2.5,52.8,8.7,57.7,6.4865,2.6126,3.5766,7.0078,1140.0,43.0351,32.2269,12.963,4.3519,5.3704,35.3794,46.0049
"Georgina, Town (T)",Georgina,T,47642.0,165.6,4.9,287.69,72.569,98000.0,62.8028,16.3091,10.2641,18.5236,56.5992,16.8129,42.8,62.0407,21.9056,2.6,58.4,11.1,65.7,15.7634,12.4995,11.7984,18.6365,1444.0,60.2492,47.7654,12.2949,4.0127,4.7836,60.9298,55.9332
"Goderich, Town (T)",Goderich,T,7881.0,923.1,3.3,8.54,60.4478,69500.0,38.1488,13.006,9.3262,14.0845,45.616,31.9756,52.8,48.2609,35.6948,2.1,47.6,9.3,52.5,7.296,2.855,4.0477,34.6995,1112.0,41.4496,39.4246,16.7155,8.3578,4.8387,81.3353,51.0599
"Grand Valley, Town (T)",Grand Valley,T,3851.0,24.3,30.3,158.6,55.6241,101000.0,65.3979,20.1246,10.3869,21.2932,57.2579,12.3345,36.8,65.1786,20.4301,2.8,66.6,7.8,72.0,16.2296,15.7102,13.5354,14.3369,1440.0,60.0227,46.3169,11.5124,2.9345,4.2889,38.4808,47.9188
"Gravenhurst, Town (T)",Gravenhurst,T,13157.0,26.9,6.9,489.11,63.9002,73500.0,41.609,11.4388,7.7905,14.403,51.3035,29.49,53.6,45.1656,29.4813,2.2,49.1,10.6,55.0,7.3725,2.8502,4.0397,21.4741,1078.0,39.5243,34.1093,17.1875,8.941,4.7743,39.6459,43.9721
"Greater Madawaska, Township (TP)",Greater Madawaska,TP,2864.0,2.8,13.7,1018.15,53.6297,81000.0,48.0969,9.2528,6.9832,10.3003,51.5014,32.4721,58.8,34.9462,28.6245,2.1,43.5,10.2,48.6,5.0628,0.8729,2.2084,5.9701,920.0,30.5776,23.1953,13.6929,6.2241,4.5643,15.9007,36.1111
"Greater Napanee, Town (T)",Greater Napanee,T,16879.0,36.5,6.2,462.3,65.5785,77500.0,45.0692,13.5672,8.946,14.5447,49.2328,28.26,50.4,49.8471,27.1668,2.3,49.1,9.4,54.2,5.5987,2.5772,3.2659,28.0932,1157.0,43.9977,39.2264,13.7052,5.9917,3.3747,43.1681,45.2341
"Greater Sudbury / Grand Sudbury, City (CV)",Greater Sudbury / Grand Sudbury,CV,166004.0,52.1,2.8,3186.26,80.9788,84000.0,50.692,15.4364,11.6262,19.0146,52.5861,20.3489,43.2,55.4957,30.836,2.3,54.8,10.4,61.1,5.9336,6.5209,5.6584,35.5369,1037.0,37.2027,36.703,12.1971,5.3769,3.9094,47.311,53.3063
"Greenstone, Municipality (MU)",Greenstone,MU,4309.0,1.6,-7.1,2727.04,56.381,72000.0,40.3114,16.8252,10.2112,14.6206,51.5201,21.2346,47.2,50.4,32.8125,2.2,50.6,8.7,55.4,3.365,2.0887,2.2569,22.6562,760.0,21.5176,21.8592,11.5979,3.3505,1.5464,11.3807,36.8247
"Grey Highlands, Municipality (MU)",Grey Highlands,MU,10424.0,11.9,6.3,879.03,62.3317,85000.0,51.5571,17.5556,9.881,15.2533,48.9735,23.5994,46.8,49.0228,25.0611,2.5,56.2,7.4,60.7,7.1949,1.8707,3.4752,12.9584,1024.0,36.4666,29.4141,10.1678,5.1333,5.1333,30.4581,44.6881
"Grimsby, Town (T)",Grimsby,T,28883.0,420.4,5.7,68.71,69.1974,104000.0,67.9931,16.2033,10.8022,15.7359,51.674,21.3447,45.2,57.1181,24.3089,2.5,57.7,10.2,64.2,17.6228,9.6077,11.0238,17.3398,1526.0,64.8924,50.6266,11.5397,5.0216,3.9574,71.9827,57.9875
"Guelph, City (CY)",Guelph,CY,143740.0,1644.1,9.1,87.43,80.0086,93000.0,58.4775,16.3524,13.1766,22.6798,54.0942,16.3768,38.4,61.1409,26.9299,2.5,60.2,10.8,67.5,23.4973,25.0035,21.0055,34.3219,1380.0,56.6251,49.9342,10.5277,4.7905,3.3451,88.2046,63.9787
"Guelph/Eramosa, Township (TP)",Guelph/Eramosa,TP,13904.0,47.5,8.2,292.84,64.2723,129000.0,89.6194,16.6499,11.8671,14.7799,52.7906,18.6277,45.2,56.9726,15.0826,2.8,62.7,7.7,67.9,13.9888,8.9183,9.3714,10.6405,1495.0,63.137,47.3881,9.0909,2.9431,5.2976,46.2317,56.4437
"Haldimand County, City (CY)",Haldimand County,CY,49216.0,39.4,7.9,1250.45,72.7879,93000.0,58.4775,17.5349,10.5657,16.834,51.3451,20.5523,43.6,55.9409,22.6229,2.6,56.6,8.3,61.8,8.7268,5.293,5.7436,14.984,1136.0,42.8086,34.4612,11.1796,4.5417,5.1788,44.0553,51.4694
"Halton Hills, Town (T)",Halton Hills,T,62951.0,227.4,2.9,276.81,74.4462,127000.0,87.8893,17.0291,13.6138,16.7829,54.2962,15.0673,42.0,67.3273,17.8007,2.9,63.2,9.7,70.0,18.8083,13.4231,13.3528,14.7503,1468.0,61.6082,47.5508,12.1109,4.0606,3.5654,64.6876,63.0833
"Hamilton, City (C)",Hamilton,C,569353.0,509.1,6.0,1118.31,89.2822,86000.0,52.4221,16.0252,11.9785,20.7709,53.6776,18.3173,40.8,62.9531,27.8758,2.5,54.3,12.3,61.9,25.5641,24.7562,21.6585,34.2893,1233.0,48.3012,44.0977,11.5761,5.6078,4.2098,74.2579,62.156
"Hamilton, Township (TP)",Hamilton,TP,11059.0,43.2,1.1,256.03,62.73,106000.0,69.7232,13.9253,10.1727,14.5583,53.2146,22.6964,49.6,49.4382,17.9907,2.6,55.9,10.7,62.6,8.9068,3.5265,4.901,6.1844,990.0,34.5413,26.0342,11.6695,4.1738,4.2589,45.126,50.3998
"Hanover, Town (T)",Hanover,T,7967.0,814.6,3.6,9.78,60.5209,69000.0,37.7163,14.4973,9.9159,15.5014,45.6257,29.8732,49.2,50.2242,33.2366,2.2,50.0,9.5,55.2,5.9621,3.0752,3.6432,35.942,998.0,34.9943,35.2786,15.5271,4.2735,4.5584,79.8477,50.8501
"Hastings Highlands, Municipality (MU)",Hastings Highlands,MU,4385.0,4.5,7.5,966.58,56.4987,69000.0,37.7163,11.0604,6.9555,10.1482,48.9168,33.0673,57.6,36.4912,28.1796,2.2,40.4,15.3,47.9,8.5519,1.5964,3.7913,8.4577,880.0,28.3126,22.3561,16.3889,5.8333,5.0,20.3046,35.3034
"Havelock-Belmont-Methuen, Township (TP)",Havelock-Belmont-Methuen,TP,5083.0,9.6,12.2,529.35,57.4937,71000.0,39.4464,12.3943,8.2628,13.0828,49.4787,30.002,54.4,44.9367,27.5168,2.3,42.8,13.6,49.6,6.9841,1.9673,3.4281,11.2108,930.0,31.1438,25.1639,12.7907,8.8372,5.5814,28.1192,37.6714
"Hawkesbury, Town (T)",Hawkesbury,T,10194.0,1009.7,-0.7,10.1,62.1814,53200.0,24.0484,11.7716,8.1911,13.2431,48.1165,31.8815,54.8,48.2014,42.5197,1.9,42.7,11.5,48.3,5.7387,4.9539,4.537,48.5236,827.0,25.3114,32.2751,14.8466,7.8528,6.135,82.4023,47.6359
"Hearst, Town (T)",Hearst,T,4794.0,48.9,-5.4,98.06,57.0994,76500.0,44.2042,14.393,11.0555,15.5403,50.897,23.7797,48.0,47.2028,35.0333,2.1,56.6,8.6,62.1,2.3988,3.0246,2.5083,39.3333,732.0,19.932,25.7524,13.5628,4.8583,5.4656,46.5707,45.5312
"Highlands East, Municipality (MU)",Highlands East,MU,3830.0,5.6,14.6,688.18,55.5873,63600.0,33.045,8.6162,6.658,11.4883,51.436,33.2898,58.8,35.5372,34.1333,2.0,34.4,14.9,40.5,7.4413,1.3055,3.2572,11.2,960.0,32.8426,26.3498,20.1465,5.8608,1.4652,22.4761,33.108
"Horton, Township (TP)",Horton,TP,3182.0,20.1,10.2,158.02,54.3389,90000.0,55.8824,14.6135,10.2137,13.1992,52.4827,22.7844,48.8,49.505,21.7054,2.5,55.3,8.0,60.1,3.1427,0.9428,1.5713,8.9147,1000.0,35.1076,27.2497,14.6875,3.75,1.875,36.3187,43.1527
"Howick, Township (TP)",Howick,TP,4045.0,14.1,4.4,286.55,55.9551,84000.0,50.692,24.8455,13.4734,17.4289,45.3646,16.0692,35.2,57.4074,19.403,3.0,67.9,3.6,70.5,4.6972,0.3708,1.8294,16.3569,980.0,33.9751,28.6896,8.8305,0.4773,5.9666,32.3336,44.1833
"Huntsville, Town (T)",Huntsville,T,21147.0,30.0,6.7,705.18,67.0971,83000.0,49.827,13.548,9.4103,15.274,52.206,24.8499,49.6,48.9796,26.4889,2.4,52.3,12.0,59.5,7.7789,3.1683,4.3812,19.5122,1148.0,43.4881,36.2953,14.1898,9.2042,4.5542,40.9008,46.9273
"Huron East, Municipality (MU)",Huron East,MU,9512.0,14.2,4.1,669.15,61.7149,80000.0,47.2318,19.2389,10.881,17.5568,48.2548,21.6569,41.6,54.291,26.9906,2.5,60.6,6.6,64.9,6.1501,2.1026,3.2748,21.4575,812.0,24.4621,23.5607,8.5062,2.3859,5.6017,32.4123,44.2536
"Huron Shores, Municipality (MU)",Huron Shores,MU,1860.0,4.1,11.8,451.87,50.723,67500.0,36.4187,12.6344,7.2581,10.7527,49.7312,30.1075,56.4,35.8333,27.5449,2.2,44.8,9.4,49.4,5.6452,0.8065,2.5403,11.3772,740.0,20.3851,17.6827,9.6774,3.2258,2.5806,19.4052,33.5895
"Huron-Kinloss, Township (TP)",Huron-Kinloss,TP,7723.0,17.5,9.3,440.73,60.3114,91000.0,56.7474,18.9693,8.9344,14.7611,47.0025,25.1198,46.0,47.2284,24.6281,2.5,55.1,6.7,59.1,5.8268,1.3596,2.7677,13.3663,888.0,28.7656,24.1458,7.4753,2.8209,6.9111,34.7524,45.3933
"Ignace, Township (TP)",Ignace,TP,1206.0,16.7,0.3,72.13,47.806,69000.0,37.7163,14.0962,8.7065,12.8524,48.9221,28.607,53.6,38.961,29.0909,2.2,44.6,13.0,51.3,7.0481,4.1459,4.5398,20.9091,790.0,23.2163,22.5241,8.4211,15.7895,2.1053,34.2259,37.1965
"Ingersoll, Town (T)",Ingersoll,T,13693.0,1075.3,7.3,12.73,64.1692,88000.0,54.1522,18.221,11.1736,18.1114,53.531,17.089,40.8,58.2716,25.1371,2.5,55.4,14.2,64.6,7.5586,5.4407,5.3987,23.6962,1087.0,40.034,35.1327,11.2536,5.3419,4.4872,83.1513,55.7839
"Innisfil, Town (T)",Innisfil,T,43326.0,165.1,18.5,262.39,71.9292,101000.0,65.3979,17.426,10.6518,17.0337,55.0939,16.7913,42.0,61.6497,19.6753,2.8,57.5,11.8,65.2,19.5379,14.5986,14.2276,14.3221,1828.0,81.9932,61.6919,12.3956,4.8791,4.4835,60.894,55.9341
"Iroquois Falls, Town (T)",Iroquois Falls,T,4418.0,7.4,-2.6,599.03,56.5492,75000.0,42.9066,15.2784,8.488,16.1838,52.852,23.3137,48.0,45.3488,32.9114,2.1,43.9,11.9,49.7,2.2635,1.3581,1.4713,25.0633,704.0,18.3465,20.3616,11.9534,4.0816,4.3732,25.3485,38.9943
"Kapuskasing, Town (T)",Kapuskasing,T,8057.0,95.9,-2.8,83.98,60.5966,69000.0,37.7163,15.4524,9.3707,15.5145,50.5771,24.637,48.4,49.2441,36.5435,2.1,48.9,7.7,53.0,2.4203,3.2891,2.6219,33.3773,736.0,20.1586,24.1242,15.0,7.0,4.0,54.4753,45.4997
"Kasabonika Lake, Indian reserve (IRI)",Kasabonika Lake,IRI,1060.0,10.4,24.9,101.73,46.9374,67000.0,35.9862,34.9057,18.8679,20.7547,42.4528,4.2453,22.4,89.5833,15.2174,4.6,41.0,9.5,45.3,,0.9434,0.4717,,,,0.0,6.5574,0.0,0.0,28.9858,37.2435
"Kawartha Lakes, City (CY)",Kawartha Lakes,CY,79247.0,26.1,5.1,3033.66,75.9971,82000.0,48.9619,13.3002,8.9341,15.1362,49.5729,28.2093,51.6,47.6319,25.623,2.4,48.6,11.2,54.7,7.6975,3.325,4.3935,17.1813,1120.0,41.9026,34.4862,12.5757,5.1965,4.5064,39.2994,48.3434
"Kenora, City (CY)",Kenora,CY,14967.0,70.7,-0.9,211.65,64.7686,86000.0,52.4221,15.3337,10.2893,18.3403,53.1169,21.2467,44.4,53.114,32.7189,2.2,58.4,7.2,62.9,4.2761,3.1402,3.182,26.4977,1072.0,39.1846,35.3785,12.0656,5.3115,4.2623,50.8879,49.8469
"Kenora, Unorganized, Unorganized (NO)","Kenora, Unorganized",NO,7475.0,0.0,11.7,388982.2,60.0915,86000.0,52.4221,12.7759,7.893,12.0401,51.0368,28.2943,54.8,38.843,25.6489,2.3,50.8,9.4,56.1,5.4849,0.6689,2.2843,13.3028,708.0,18.573,16.992,12.976,6.2059,4.7955,0.0,36.4002
"Kettle Point 44, Indian reserve (IRI)",Kettle Point 44,IRI,1233.0,132.3,22.0,9.32,47.955,53200.0,24.0484,17.8427,12.9765,15.8151,47.0397,21.0868,45.2,59.7015,32.3529,2.4,33.3,19.3,41.3,,0.811,0.4055,10.1266,,,3.038,11.5385,7.6923,3.8462,58.2738,36.6087
"Killaloe, Hagarty and Richards, Township (TP)","Killaloe, Hagarty and Richards",TP,2410.0,6.2,-0.4,391.6,52.4674,63200.0,32.699,12.8631,10.166,11.2033,46.473,30.083,54.0,46.2069,32.4201,2.2,43.0,14.2,50.1,6.4315,2.2822,3.3921,11.3122,740.0,20.3851,17.6632,14.1463,4.3902,3.4146,23.5125,34.2117
"Kincardine, Municipality (MU)",Kincardine,MU,12268.0,22.8,7.7,537.8,63.429,101000.0,65.3979,17.5253,8.6811,15.4874,49.9674,23.761,44.4,50.0,29.1667,2.3,54.1,8.3,59.0,10.5559,6.3988,6.9673,20.0581,1196.0,46.2061,38.3617,11.0627,6.446,3.7456,37.7529,48.5033
"King, Township (TP)",King,TP,27333.0,82.3,11.5,332.12,68.8258,141000.0,100.0,17.8356,13.2075,15.4941,52.6653,16.2807,43.2,66.817,15.8394,3.0,59.2,11.0,66.6,25.8479,18.3295,18.3158,11.768,1704.0,74.9717,56.0106,9.3718,3.3299,4.0165,52.674,60.7042
"Kingston, City (CY)",Kingston,CY,132485.0,293.4,7.0,451.58,79.4593,79000.0,46.3668,14.1374,13.0015,22.5007,51.7983,21.059,41.2,53.9023,32.9472,2.2,52.7,13.2,60.7,13.243,13.0807,11.5473,44.1601,1318.0,53.1144,50.4281,11.7561,7.9859,3.5169,67.711,56.9946
"Kingsville, Town (T)",Kingsville,T,22119.0,89.9,2.6,246.08,67.3999,94000.0,59.3426,16.1626,10.9634,16.14,49.9344,22.9667,45.2,53.798,22.752,2.6,54.7,9.7,60.6,12.704,4.9957,7.0562,15.3289,1108.0,41.2231,33.4548,10.0757,5.2507,4.5885,53.7139,51.5219
"Kirkland Lake, Town (T)",Kirkland Lake,T,7750.0,29.7,-2.9,261.29,60.3349,62400.0,32.0069,15.2903,10.5161,18.5161,50.9677,23.1613,45.2,53.4483,43.1788,2.0,48.5,10.7,54.4,4.3871,4.0,3.6806,37.6658,782.0,22.7633,27.234,10.2679,4.9107,3.125,40.785,41.4339
"Kitchener, City (CY)",Kitchener,CY,256885.0,1877.6,10.1,136.81,83.9203,87000.0,53.2872,17.4806,11.9256,23.2614,55.8771,14.7186,37.2,61.9382,26.6757,2.6,59.4,11.0,66.8,29.3711,31.3311,26.4885,40.3096,1334.0,54.0204,49.9071,10.4601,5.2319,3.3827,89.7854,64.1226
"Kitchenuhmaykoosib Aaki 84, Indian reserve (IRI)",Kitchenuhmaykoosib Aaki 84,IRI,1029.0,3.7,0.5,277.01,46.7376,54400.0,25.0865,36.4431,16.5209,20.4082,42.2741,5.345,23.0,94.0,20.0,3.7,36.6,3.9,38.9,,0.0,0.0,0.0,,,0.0,12.2449,0.0,4.0816,18.4324,29.1725
"LaSalle, Town (T)",LaSalle,T,32721.0,503.7,8.4,64.96,70.0379,119000.0,80.9689,16.8699,13.2178,15.678,51.4654,18.4744,44.0,62.9534,17.9476,2.8,53.9,13.3,62.2,19.9719,18.673,16.4,8.6695,1416.0,58.6636,43.6654,9.7561,5.1829,3.2317,74.1311,60.4067
"Lac Seul 28, Indian reserve (IRI)",Lac Seul 28,IRI,1022.0,4.2,4.9,243.73,46.6917,46800.0,18.5121,34.2466,14.6771,20.5479,45.0098,6.8493,25.6,82.6087,26.5625,3.2,44.0,11.9,50.0,,0.0,0.0,61.5385,,,18.4615,3.125,4.6875,0.0,19.6365,30.1122
"Laird, Township (TP)",Laird,TP,1121.0,10.9,7.1,103.25,47.314,103000.0,67.128,15.165,7.5825,15.165,54.4157,22.7475,50.4,42.6667,19.1489,2.4,52.6,9.8,58.3,1.7841,0.8921,1.0705,5.2632,720.0,19.2525,15.0557,11.7117,0.0,4.5045,29.4971,41.4092
"Lake of Bays, Township (TP)",Lake of Bays,TP,3759.0,5.6,18.7,667.43,55.4612,90000.0,55.8824,9.444,6.9167,11.7052,49.3482,34.4507,58.4,35.3659,28.9773,2.1,50.3,10.8,56.4,10.2421,1.7292,4.4892,8.8068,1400.0,57.7576,43.0724,11.1413,4.0761,3.2609,22.4761,40.1527
"Lakeshore, Town (T)",Lakeshore,T,40410.0,76.4,10.4,529.0,71.4598,114000.0,76.6436,18.1267,13.0908,15.1571,52.1406,16.6667,42.8,61.3172,17.2402,2.8,57.0,13.2,65.6,13.4125,10.975,10.2004,8.4492,1078.0,39.5243,30.2018,9.1856,4.9716,3.9062,51.799,55.9293
"Lambton Shores, Municipality (MU)",Lambton Shores,MU,11876.0,35.9,11.7,330.57,63.2102,80000.0,47.2318,12.2937,7.8309,12.2937,47.3644,32.4604,56.8,38.6792,28.8679,2.2,47.1,9.6,52.1,8.9256,1.8946,4.1028,18.9623,896.0,29.2186,26.1417,12.2233,5.486,5.7748,42.976,45.2434
"Lanark Highlands, Township (TP)",Lanark Highlands,TP,5737.0,5.6,7.5,1031.52,58.309,81000.0,48.0969,13.8574,7.1466,13.9446,53.5123,25.3617,52.0,43.2507,25.8517,2.3,51.5,9.1,56.7,5.7521,0.6972,2.3619,11.4228,1010.0,35.6738,28.3985,9.2727,2.9091,4.5455,22.4761,39.7633
"Laurentian Hills, Town (T)",Laurentian Hills,T,2885.0,4.5,-2.6,634.31,53.6789,93000.0,58.4775,17.851,8.4922,18.1976,54.766,18.8908,42.0,48.8764,27.6,2.3,55.2,5.5,58.5,4.1594,2.5997,2.7556,10.0,920.0,30.5776,24.4043,11.5672,2.2388,1.8657,20.3046,40.2783
"Laurentian Valley, Township (TP)",Laurentian Valley,TP,9450.0,17.5,0.7,539.08,61.6709,94000.0,59.3426,16.3492,10.4233,15.4497,52.6455,20.6349,45.6,52.7919,19.6501,2.5,55.3,9.1,60.9,3.7566,2.328,2.4788,12.1131,1096.0,40.5436,32.0144,11.3347,4.3432,3.6017,34.7524,45.9226
"Leamington, Municipality (MU)",Leamington,MU,29680.0,113.6,7.6,261.24,69.3807,79000.0,46.3668,17.5371,12.5337,19.0027,49.6462,20.3167,41.2,58.9644,25.4976,2.7,52.4,10.2,58.4,24.343,19.188,18.766,30.7255,1151.0,43.658,39.7782,10.5842,5.4249,4.2489,56.4735,50.4235
"Leeds and the Thousand Islands, Township (TP)",Leeds and the Thousand Islands,TP,9804.0,16.1,3.6,608.09,61.9186,91000.0,56.7474,13.6679,8.5679,12.9539,51.0506,26.7748,52.0,44.8,21.1514,2.4,52.7,11.4,59.6,7.0889,2.244,3.6031,8.5106,840.0,26.0476,20.7865,12.0582,5.4054,4.158,33.8151,45.0399
"Lincoln, Town (T)",Lincoln,T,25719.0,158.0,8.1,162.74,68.4157,102000.0,66.263,16.5831,10.7119,16.447,50.3713,22.3181,44.4,55.3714,21.1931,2.6,58.0,9.5,64.0,14.153,6.9404,8.4646,15.6986,1294.0,51.7554,40.9383,9.8348,4.879,4.1106,60.3737,55.3101
"London, City (CY)",London,CY,422324.0,1004.3,10.0,420.5,87.2696,76500.0,44.2042,16.3429,12.9628,22.594,52.9203,17.7755,38.8,60.1942,31.0489,2.4,53.6,13.3,61.7,24.4599,28.2615,23.3744,41.8539,1213.0,47.1687,45.5743,12.0439,6.4369,3.827,82.3385,61.3073
"Loyalist, Township (TP)",Loyalist,TP,17943.0,52.4,5.7,342.72,65.9903,95000.0,60.2076,15.605,9.1122,16.3016,52.8618,22.4043,45.2,52.7933,20.0586,2.5,53.6,9.7,59.4,7.691,3.8455,4.6313,16.9107,1288.0,51.4156,41.0641,13.062,4.7388,4.2527,47.3781,49.913
"Lucan Biddulph, Township (TP)",Lucan Biddulph,TP,5680.0,33.6,20.9,169.08,58.2417,105000.0,68.8581,21.2148,10.0352,19.1901,53.5211,15.3169,37.6,58.3333,19.1489,2.7,68.2,7.2,73.4,6.6021,2.4648,3.5431,14.1844,1020.0,36.2401,29.6234,7.9239,2.2187,2.6941,42.2094,50.5623
"Macdonald, Meredith and Aberdeen Additional, Township (TP)","Macdonald, Meredith and Aberdeen Additional",TP,1513.0,9.3,-6.0,163.26,49.3327,97000.0,61.9377,18.1758,8.9227,16.193,53.2056,19.4977,45.6,48.9583,19.0083,2.5,55.7,8.7,61.0,3.3047,0.6609,1.4871,8.2645,960.0,32.8426,25.4691,8.7838,4.7297,6.7568,27.7772,41.0978
"Machin, Municipality (MU)",Machin,MU,1012.0,3.5,4.2,290.14,46.6255,77500.0,45.0692,12.3518,7.9051,14.3281,51.8775,27.1739,53.6,45.1613,31.5217,2.2,44.1,13.8,51.2,9.3874,0.0,3.2856,15.3846,740.0,20.3851,18.8849,9.6386,2.4096,0.0,17.9145,33.6609
"Madawaska Valley, Township (TP)",Madawaska Valley,TP,3927.0,5.9,-4.8,665.83,55.7557,62800.0,32.3529,10.5679,8.658,10.8225,45.7092,35.396,58.4,42.5339,34.9854,2.1,43.6,9.4,48.1,7.8941,3.1831,4.3545,16.6667,715.0,18.9694,18.2786,14.4262,8.5246,4.918,23.0056,35.0979
"Madoc, Township (TP)",Madoc,TP,2233.0,8.1,7.5,274.58,51.9537,79000.0,46.3668,15.4501,9.1805,15.4501,52.3959,22.8392,49.6,49.2857,18.9655,2.6,49.6,10.6,55.2,5.5979,4.2544,4.0864,12.1387,1080.0,39.6376,31.3879,9.3596,3.4483,4.4335,26.3019,37.5598
"Magnetawan, Municipality (MU)",Magnetawan,MU,1753.0,3.3,26.1,526.31,50.324,67000.0,35.9862,9.9829,6.5602,9.6977,48.7735,35.0827,59.2,34.2105,29.697,2.1,37.2,10.8,41.7,7.1306,0.0,2.4957,12.7273,790.0,23.2163,20.0696,14.9606,3.937,7.0866,17.373,31.9046
"Malahide, Township (TP)",Malahide,TP,9308.0,23.6,0.2,394.27,61.5689,95000.0,60.2076,23.4207,13.483,16.6523,47.5935,15.578,37.2,59.2445,16.9154,3.1,62.9,7.7,68.0,16.0615,1.6652,6.4702,12.7695,1044.0,37.5991,30.1502,8.4043,3.8298,4.5745,38.1466,48.0765
"Manitouwadge, Township (TP)",Manitouwadge,TP,1974.0,5.6,1.9,352.17,51.1235,70500.0,39.0138,14.4377,9.8784,14.9443,51.6717,23.5562,49.2,47.0588,32.6087,2.1,46.2,13.2,53.2,9.6251,3.7994,5.2685,20.2186,616.0,13.3635,15.42,11.8644,2.2599,3.3898,22.4761,35.9192
"Mapleton, Township (TP)",Mapleton,TP,10839.0,20.2,3.0,535.56,62.5947,109000.0,72.3183,27.0781,14.4847,18.498,46.0836,12.3166,32.0,61.9469,13.2512,3.3,71.4,3.8,74.3,7.473,1.6607,3.5012,13.5802,1148.0,43.4881,34.5158,7.5601,3.2646,5.0687,36.375,52.3869
"Marathon, Town (T)",Marathon,T,3138.0,18.8,-4.1,167.03,54.2451,92000.0,57.6125,15.4557,10.8349,17.5271,57.5207,16.0931,43.2,47.8947,30.4965,2.2,55.4,8.2,60.4,6.8515,6.0548,5.6405,23.4043,716.0,19.026,20.3395,15.5556,9.8413,1.5873,35.5613,44.5153
"Markham, City (CY)",Markham,CY,338503.0,1604.8,2.9,210.93,85.7791,104000.0,67.9931,15.9171,12.0826,18.6837,53.6687,18.3337,42.4,68.6598,15.5994,3.0,51.9,13.8,60.2,58.3555,81.7954,61.7681,18.3323,1890.0,85.504,65.3525,10.884,6.0649,3.8077,87.9166,66.2741
"Markstay-Warren, Municipality (MU)",Markstay-Warren,MU,2708.0,5.4,2.0,505.92,53.2525,82000.0,48.9619,16.9867,8.678,15.8789,56.13,17.9099,45.2,49.3976,23.8739,2.4,51.7,9.7,57.2,3.3235,1.4771,1.9018,10.8597,840.0,26.0476,21.4912,13.7795,5.5118,4.3307,22.1096,38.2803
"Marmora and Lake, Municipality (MU)",Marmora and Lake,MU,4267.0,7.9,7.9,538.24,56.315,62800.0,32.3529,12.4209,8.2025,12.7724,49.6836,29.5289,56.0,44.358,31.2997,2.2,39.1,14.3,45.6,8.0853,2.1092,3.8845,18.254,976.0,33.7486,29.1002,11.9632,7.362,5.2147,26.0372,35.149
"Mattawa, Town (T)",Mattawa,T,1881.0,513.1,-5.6,3.67,50.7986,53200.0,24.0484,13.8224,6.6454,14.0883,51.0367,28.1765,53.6,52.8302,36.2573,2.1,37.2,17.3,45.0,1.8607,1.0633,1.1829,35.0877,785.0,22.9332,26.5795,17.9104,3.7313,2.2388,74.3509,43.1141
"McDougall, Municipality (MU)",McDougall,MU,2744.0,10.4,1.6,264.02,53.3415,92000.0,57.6125,13.6662,8.5641,12.7551,49.9271,27.6968,52.0,43.8889,21.645,2.4,55.4,9.6,61.3,6.9242,1.6399,3.2434,8.2251,1260.0,49.8301,37.3486,13.3333,4.9123,5.2632,28.9858,41.9625
"McKellar, Township (TP)",McKellar,TP,1419.0,8.1,27.7,176.07,48.9009,79000.0,46.3668,7.0472,5.6378,9.5137,50.0352,37.3502,60.4,28.125,30.2158,2.0,38.0,9.2,41.4,11.6279,2.1142,5.1268,4.3165,800.0,23.7826,17.9428,13.8889,1.8519,7.4074,26.3019,34.904
"McNab/Braeside, Township (TP)",McNab/Braeside,TP,7591.0,29.7,5.8,255.28,60.1953,99000.0,63.6678,14.9519,9.7484,15.6106,53.2868,21.9997,48.0,49.2813,18.9456,2.5,57.0,9.5,63.0,4.479,1.1197,2.1275,9.8684,1020.0,36.2401,28.3286,12.8429,5.3616,4.2394,40.785,47.8162
"Meaford, Municipality (MU)",Meaford,MU,11485.0,19.5,4.5,587.57,62.9847,79500.0,46.7993,13.1911,8.1411,13.017,47.2791,31.3452,54.4,42.6593,27.8054,2.3,49.2,10.2,54.8,9.926,3.6134,5.3004,19.1658,986.0,34.3148,29.7701,13.4725,7.2106,4.5541,35.9751,43.6176
"Melancthon, Township (TP)",Melancthon,TP,3132.0,10.1,4.1,310.39,54.2322,100000.0,64.5329,19.636,12.4521,18.1992,53.4802,14.3678,39.2,60.9195,15.942,3.0,64.9,7.8,70.2,10.3768,3.9911,5.6274,14.9758,1360.0,55.4926,43.3376,7.5802,2.9155,6.414,28.6682,45.4126
"Merrickville-Wolford, Village (VL)",Merrickville-Wolford,VL,3135.0,14.6,2.2,214.33,54.2386,89000.0,55.0173,12.2807,9.2504,12.1212,48.6443,30.1435,54.4,45.5026,25.5814,2.3,55.3,7.5,60.0,7.3365,1.5949,3.4131,14.3411,1010.0,35.6738,29.274,9.4937,3.7975,6.6456,32.7216,43.3172
"Middlesex Centre, Municipality (MU)",Middlesex Centre,MU,18928.0,32.2,9.7,588.16,66.3503,125000.0,86.1592,19.2836,11.4117,13.3664,50.4544,18.8874,43.6,58.0702,14.7125,2.8,61.5,7.7,66.6,11.2532,6.0757,7.024,10.2239,1280.0,50.9626,38.741,9.507,3.5211,3.4205,41.7175,55.2891
"Midland, Town (T)",Midland,T,17817.0,504.3,5.7,35.33,65.9428,69500.0,38.1488,13.33,9.0924,16.2485,49.6155,27.9508,50.0,52.8447,31.2102,2.2,46.0,12.8,52.7,9.2889,5.1917,5.9101,34.3312,1126.0,42.2424,39.869,13.3075,7.5581,3.8114,74.1453,50.5524
"Milton, Town (T)",Milton,T,132979.0,365.5,20.7,363.83,79.4844,126000.0,87.0242,24.0489,12.3328,17.3185,53.6664,9.9452,36.0,74.6431,12.7888,3.3,63.0,11.4,71.1,41.5667,54.5462,42.0521,17.3598,2042.0,94.111,71.0856,11.7943,4.2762,3.2928,70.3202,65.7181
"Minden Hills, Township (TP)",Minden Hills,TP,6971.0,8.2,14.5,847.37,59.6213,74500.0,42.474,10.472,6.3836,11.763,48.4149,34.7152,58.8,37.4439,30.1858,2.1,43.7,11.3,49.2,8.6071,2.7973,4.4326,11.4551,880.0,28.3126,23.2553,14.433,5.4983,3.4364,26.432,38.8505
"Minto, Town (T)",Minto,T,9094.0,30.3,4.9,300.19,61.4122,84000.0,50.692,19.2984,11.6011,17.759,48.2736,20.8929,40.8,54.5276,24.7438,2.6,61.5,5.5,65.1,6.8177,4.3435,4.6982,23.8653,992.0,34.6546,31.4178,9.9783,3.2538,5.7484,41.0156,47.2981
"Mississauga, City (CY)",Mississauga,CY,717961.0,2452.5,-0.5,292.74,90.8446,102000.0,66.263,15.2265,13.4165,21.146,54.7251,16.6304,40.8,70.0996,19.354,2.9,55.0,14.0,63.9,52.8476,61.4908,49.8068,29.5834,1650.0,71.9139,59.2148,11.4828,4.8371,3.3895,92.9654,69.5443
"Mississippi Mills, Town (T)",Mississippi Mills,T,14740.0,28.8,12.0,511.25,64.6656,100000.0,64.5329,14.7897,8.8874,14.1791,49.7626,26.5604,50.0,47.8548,24.1722,2.4,55.9,7.6,60.4,7.1913,2.9172,3.9908,16.7907,1208.0,46.8856,37.8572,10.7608,3.3585,4.3866,40.4306,49.608
"Mono, Town (T)",Mono,T,9421.0,33.8,9.4,278.37,61.6502,138000.0,97.4048,15.8688,11.9945,14.4889,51.9584,20.1677,47.2,56.446,13.099,3.0,59.2,10.1,65.9,20.38,17.4079,15.8608,4.64,1340.0,54.3601,39.4441,11.0563,4.6397,4.7384,42.2781,56.0456
"Montague, Township (TP)",Montague,TP,3914.0,14.1,4.1,278.47,55.7334,98000.0,62.8028,16.2238,9.7087,16.2238,54.6755,19.5452,44.4,51.4286,18.6047,2.6,57.8,7.8,62.7,5.6208,2.2994,3.117,6.6445,1400.0,57.7576,42.4237,14.1791,4.4776,3.7313,32.3336,44.7685
"Moonbeam, Township (TP)",Moonbeam,TP,1157.0,4.9,-6.0,234.46,47.5268,90000.0,55.8824,10.3717,8.643,11.6681,56.1798,25.497,55.6,36.8421,26.6667,2.2,42.3,14.6,49.0,0.8643,0.0,0.3025,7.5472,850.0,26.6138,20.8938,14.2857,0.0,9.8901,21.1407,36.841
"Moosonee, Town (TV)",Moosonee,TV,1512.0,2.8,2.1,547.83,49.3283,94000.0,59.3426,28.7698,13.8889,20.8333,49.2725,7.2751,29.8,77.027,23.7113,3.1,62.2,8.5,67.5,5.6217,9.9206,7.4735,62.8866,940.0,31.7101,41.063,14.4928,1.4493,0.0,15.9007,42.6093
"Morris-Turnberry, Municipality (MU)",Morris-Turnberry,MU,3590.0,9.5,2.7,376.89,55.1514,86000.0,52.4221,21.5877,12.8134,16.4345,43.5933,21.8663,40.0,54.0107,21.7573,2.8,69.3,4.8,73.0,5.571,0.9749,2.4373,11.7155,800.0,23.7826,20.1624,8.0,4.5333,4.0,28.0063,43.4824
"Mulmur, Township (TP)",Mulmur,TP,3571.0,12.5,2.7,286.17,55.1157,114000.0,76.6436,12.7415,11.0613,15.5419,55.1666,20.7225,50.0,50.2242,20.5776,2.6,58.4,9.9,64.8,13.8617,7.5609,8.632,5.3957,1400.0,57.7576,42.0491,7.8481,4.0506,4.3038,30.9996,47.2094
"Muskoka Lakes, Township (TP)",Muskoka Lakes,TP,7652.0,9.9,16.2,774.46,60.2492,89000.0,55.0173,10.1934,7.7757,13.3298,50.575,31.495,57.2,39.5445,30.3116,2.2,53.5,9.9,59.4,7.3837,1.3722,3.2998,9.0652,1170.0,44.7339,34.0333,12.5628,5.5276,4.8995,28.4516,43.3574
"Neebing, Municipality (MU)",Neebing,MU,2241.0,2.6,9.1,873.78,51.9778,94000.0,59.3426,14.2793,9.1477,15.618,55.1093,21.8652,48.8,44.4444,24.4681,2.4,54.9,9.4,60.6,6.2472,2.008,3.1905,5.3476,760.0,21.5176,16.6666,8.6957,3.0435,4.7826,15.2567,38.7482
"New Tecumseth, Town (T)",New Tecumseth,T,43948.0,160.5,28.3,273.87,72.0252,104000.0,67.9931,19.1021,10.0801,18.1692,52.9148,17.9303,39.6,61.8231,19.8107,2.7,59.9,9.6,66.3,19.1135,17.8961,15.7197,16.1148,1500.0,63.4202,49.2285,10.8658,4.8098,4.1976,60.5595,56.9716
"Newmarket, Town (T)",Newmarket,T,87942.0,2284.1,4.4,38.5,76.6985,110000.0,73.1834,16.5109,12.7982,17.6309,54.8373,15.857,41.6,69.0121,18.2673,2.9,58.4,12.3,66.7,32.9137,34.3749,28.9188,24.2409,1614.0,69.8754,56.1851,11.8875,5.3473,3.824,92.1185,66.0365
"Niagara Falls, City (CY)",Niagara Falls,CY,94415.0,449.1,7.2,210.25,77.177,74500.0,42.474,14.7169,11.2694,18.0109,52.1263,21.8821,44.8,60.3866,27.9137,2.5,45.3,22.5,58.5,22.4435,20.5052,18.5479,29.6335,1212.0,47.1121,41.8685,12.2309,14.9103,4.1368,72.7674,53.8414
"Niagara-on-the-Lake, Town (T)",Niagara-on-the-Lake,T,19088.0,145.3,9.0,131.35,66.407,98000.0,62.8028,11.0017,9.0633,12.3114,43.7448,36.1746,57.2,40.6224,23.9822,2.4,43.1,15.0,50.7,25.4348,12.1804,15.2753,15.2672,1592.0,68.6297,52.6209,11.4073,7.6875,3.4718,59.3822,51.6379
"Nipigon, Township (TP)",Nipigon,TP,1473.0,13.6,-10.3,107.94,49.1523,71500.0,39.8789,14.5961,10.1833,12.8988,46.1643,28.5132,51.6,50.0,32.5758,2.2,46.1,14.4,53.9,3.3944,1.6972,2.0367,7.5188,840.0,26.0476,20.4889,15.625,3.9062,2.3438,31.9326,37.073
"Nipissing, Township (TP)",Nipissing,TP,1769.0,4.6,3.6,387.95,50.3852,83000.0,49.827,12.4364,7.6314,9.8926,52.5721,27.9819,54.8,41.0256,20.8054,2.3,46.4,13.5,53.6,4.805,0.8479,2.1057,6.8027,1040.0,37.3726,28.2016,11.8012,1.2422,3.1056,20.5192,36.4127
"Nipissing 10, Indian reserve (IRI)",Nipissing 10,IRI,1640.0,26.9,3.0,60.87,49.8754,67000.0,35.9862,16.4634,8.5366,16.4634,55.7927,19.5122,46.0,55.0,28.3688,2.3,44.3,16.4,53.5,,0.9146,0.4573,18.3333,,,5.5,10.7914,2.8777,4.3165,39.6459,37.5153
"Nipissing, Unorganized, North Part, Unorganized (NO)","Nipissing, Unorganized, North Part",NO,1591.0,0.4,-10.8,3721.2,49.6712,71500.0,39.8789,10.6851,7.2282,9.7423,57.1967,25.1414,54.8,40.1961,27.5862,2.2,48.8,9.9,54.1,3.7712,2.5141,2.577,10.274,960.0,32.8426,26.072,10.2041,0.0,5.4422,4.0076,31.3833
"Norfolk County, City (CY)",Norfolk County,CY,67490.0,42.2,5.4,1597.68,74.9152,82000.0,48.9619,15.2467,9.8607,15.1504,49.0295,25.8557,48.8,50.0125,26.7077,2.4,50.7,10.2,56.5,10.4904,3.2968,5.3745,18.4125,1027.0,36.6365,31.1693,10.939,4.7273,4.4369,44.8534,49.4808
"North Algona Wilberforce, Township (TP)",North Algona Wilberforce,TP,3111.0,8.4,6.7,369.23,54.1869,82000.0,48.9619,14.1434,8.6789,13.5005,52.234,25.233,52.0,43.0,22.7799,2.4,49.0,12.1,55.7,4.5002,1.6072,2.3787,11.1538,920.0,30.5776,24.7505,12.6712,5.137,3.7671,26.6882,39.077
"North Bay, City (CY)",North Bay,CY,52662.0,166.9,2.2,315.53,73.2439,72000.0,40.3114,14.4317,11.8017,19.7581,52.0774,21.7045,44.0,54.0726,33.7098,2.2,51.0,12.0,57.9,4.9656,4.263,4.019,40.7755,1010.0,35.6738,37.2043,14.2684,7.4276,3.7239,61.0224,51.7061
"North Dumfries, Township (TP)",North Dumfries,TP,10619.0,56.5,4.0,188.09,62.4565,128000.0,88.7543,18.2691,12.3835,15.444,52.5944,16.7153,42.4,58.3204,14.6341,2.9,64.5,7.4,69.7,11.4888,6.6861,7.3853,11.6531,1400.0,57.7576,43.9263,10.2369,3.6379,3.2149,48.2592,56.4514
"North Dundas, Township (TP)",North Dundas,TP,11304.0,22.5,0.2,502.41,62.8777,90000.0,55.8824,16.9851,8.9791,16.4544,53.4766,20.5679,44.8,52.4517,25.1378,2.5,60.4,7.0,64.9,5.4406,1.9904,2.8994,18.4123,1010.0,35.6738,30.4954,10.4149,2.7942,5.0804,37.6018,47.5109
"North Frontenac, Township (TP)",North Frontenac,TP,2285.0,2.0,20.1,1157.97,52.1087,68000.0,36.8512,7.6586,5.2516,6.7834,47.7024,39.3873,61.6,28.3784,32.1586,2.0,37.5,11.3,42.5,6.1269,2.6258,3.4573,5.3333,780.0,22.6501,17.455,10.9827,9.2486,5.7803,13.0851,32.1824
"North Glengarry, Township (TP)",North Glengarry,TP,10144.0,15.8,0.3,643.4,62.1483,71000.0,39.4464,13.7027,9.858,13.8013,49.3395,27.1589,51.6,47.8041,31.1086,2.2,54.8,7.6,59.4,5.6191,2.2674,3.1521,21.9706,898.0,29.3318,27.1234,11.2676,2.9175,5.9356,33.6043,42.6892
"North Grenville, Municipality (MU)",North Grenville,MU,17964.0,51.0,9.2,351.9,65.9982,108000.0,71.4533,16.3382,9.9087,14.2229,52.466,21.3204,46.4,51.8817,20.4545,2.5,58.7,7.6,63.5,7.0419,3.3678,4.1695,12.2869,1348.0,54.8131,42.0553,11.7238,4.6574,4.4968,47.0617,52.832
"North Huron, Township (TP)",North Huron,TP,5052.0,28.2,2.4,179.01,57.4525,76000.0,43.7716,16.726,12.2724,17.7158,48.3967,22.9612,44.0,53.4722,31.4815,2.3,57.7,8.1,62.7,6.1362,3.464,3.9687,28.8372,848.0,26.5006,27.2016,11.4563,7.5728,4.6602,40.1884,44.6077
"North Kawartha, Township (TP)",North Kawartha,TP,2877.0,3.9,16.1,746.35,53.6602,73000.0,41.1765,10.4275,6.4303,10.9489,47.4453,35.106,59.2,36.8132,32.3529,2.1,39.1,13.5,45.2,9.7324,1.9117,4.3622,7.4906,860.0,27.1801,21.2732,18.0995,1.81,5.4299,18.9287,34.844
"North Middlesex, Municipality (MU)",North Middlesex,MU,6307.0,10.5,-0.7,598.65,58.947,89000.0,55.0173,18.2337,10.7024,16.1725,49.231,21.7219,44.0,55.1913,23.6402,2.6,63.0,6.7,67.5,6.58,2.0612,3.3336,18.1628,820.0,24.9151,22.8894,8.2963,5.3333,3.1111,29.0898,44.7162
"North Perth, Municipality (MU)",North Perth,MU,15538.0,31.5,18.3,493.09,65.0208,84000.0,50.692,21.1417,11.1662,19.6293,49.0089,18.7283,37.6,54.1714,25.0839,2.6,64.2,5.7,68.0,10.7157,6.5324,7.2194,28.6913,1139.0,42.9785,38.6923,13.166,3.9192,4.4703,41.4637,48.755
"North Stormont, Township (TP)",North Stormont,TP,7400.0,14.4,7.7,515.46,60.0236,91000.0,56.7474,19.4595,10.2027,19.4595,54.8649,15.5405,39.6,54.6485,21.5412,2.6,63.7,5.9,67.7,5.0676,1.9595,2.7534,16.6667,952.0,32.3896,27.6727,8.481,2.7848,3.7975,32.568,46.0924
"Northeastern Manitoulin and the Islands, Municipality (MU)",Northeastern Manitoulin and the Islands,MU,2641.0,5.4,-2.6,489.19,53.0838,75500.0,43.3391,12.1166,8.1409,9.8448,46.5733,32.3741,55.6,39.759,30.2905,2.2,49.9,10.0,55.2,4.3544,0.7573,1.9027,18.2573,960.0,32.8426,28.467,15.3226,6.8548,2.4194,22.1096,37.6841
"Northern Bruce Peninsula, Municipality (MU)",Northern Bruce Peninsula,MU,4404.0,5.7,10.1,775.7,56.5279,69500.0,38.1488,8.1744,5.6767,8.7421,45.0727,41.099,61.6,28.2759,33.4842,2.0,39.4,11.5,44.5,11.0127,3.0654,5.3871,10.2041,1070.0,39.0713,30.4112,12.5356,11.9658,3.9886,22.6552,36.6081
"Norwich, Township (TP)",Norwich,TP,11151.0,26.3,2.9,424.01,62.7858,95000.0,60.2076,23.675,13.362,17.6666,47.5742,15.4246,36.0,58.5089,18.0851,3.0,64.2,6.7,68.7,10.6268,2.0626,4.818,15.5378,1180.0,45.3001,36.3714,9.4372,3.3766,3.9827,39.387,49.0498
"Oakville, Town (T)",Oakville,T,213759.0,1538.5,10.3,138.94,82.6822,128000.0,88.7543,17.9805,14.0532,15.8426,52.2458,15.7163,41.6,70.056,18.2436,2.9,57.6,11.7,65.2,40.8591,42.1643,35.7421,22.473,2146.0,100.0,76.7419,10.609,4.5376,3.1316,87.4144,70.3684
"Oliver Paipoonge, Municipality (MU)",Oliver Paipoonge,MU,6035.0,17.2,1.9,350.51,58.6501,108000.0,71.4533,16.9843,9.6935,14.2502,52.4441,20.8782,46.0,51.7333,18.7097,2.6,56.1,8.0,60.9,5.8824,1.3256,2.7216,6.8817,1020.0,36.2401,27.4326,7.6142,3.3841,4.3993,34.5577,47.4783
"Orangeville, Town (T)",Orangeville,T,30167.0,1989.5,4.4,15.16,69.4904,103000.0,67.128,18.9611,11.4198,19.1103,54.3806,15.2153,38.8,67.4636,22.5237,2.7,62.4,10.8,69.9,14.37,14.1711,12.2245,24.3219,1420.0,58.8901,48.5197,12.9188,5.9161,3.4712,90.4746,62.8008
"Orillia, City (CY)",Orillia,CY,33411.0,1171.1,7.2,28.53,70.1785,71000.0,39.4464,13.9026,9.862,18.3772,50.2978,25.9495,46.8,54.5504,33.0791,2.2,47.7,15.2,56.2,9.3233,7.1084,6.9004,38.8003,1261.0,49.8867,46.5608,15.3287,8.5894,3.5018,84.1669,54.5711
"Oro-Medonte, Township (TP)",Oro-Medonte,TP,23017.0,39.3,9.4,585.42,67.668,114000.0,76.6436,15.4234,10.5357,13.7942,52.635,21.3972,47.6,51.3736,16.6088,2.7,56.4,10.9,63.3,8.9499,2.9978,4.6379,5.6167,1325.0,53.5108,39.1425,9.4371,5.3394,4.0563,44.0258,53.2957
"Oshawa, City (CY)",Oshawa,CY,175383.0,1203.6,10.0,145.72,81.3491,86000.0,52.4221,17.5644,11.6773,20.7717,54.036,16.7205,39.2,65.8614,25.287,2.6,51.8,15.2,61.1,21.9634,28.6687,22.2435,35.8397,1400.0,57.7576,51.1823,13.4413,5.6849,4.0895,84.4926,61.0047
"Otonabee-South Monaghan, Township (TP)",Otonabee-South Monaghan,TP,7087.0,20.5,6.3,346.15,59.7325,97000.0,61.9377,15.6625,8.6073,14.6748,51.785,23.9876,49.2,49.4331,20.1465,2.6,54.1,9.2,59.6,6.3497,2.7515,3.6193,10.2377,1170.0,44.7339,34.385,7.7599,4.8316,5.2709,36.5423,46.2146
"Ottawa, City (CV)",Ottawa,CV,1017449.0,364.9,8.9,2788.2,93.1935,102000.0,66.263,16.4057,12.892,21.0138,53.7811,16.9198,40.0,60.2553,28.5742,2.5,59.1,10.3,65.9,25.477,31.9387,25.323,36.1031,1422.0,59.0034,52.1333,9.9569,5.2177,3.8268,70.3006,67.1102
"Owen Sound, City (CY)",Owen Sound,CY,21612.0,892.6,1.3,24.21,67.2436,63200.0,32.699,14.2745,9.925,17.2358,48.6304,27.1608,48.0,53.3617,38.2516,2.1,49.0,11.1,55.2,7.4958,5.5525,5.4865,42.0121,976.0,33.7486,36.2276,18.5938,7.5521,3.5937,80.9356,51.7943
"Parry Sound, Town (T)",Parry Sound,T,6879.0,524.9,7.4,13.1,59.5318,62000.0,31.6609,11.7023,8.7222,17.081,47.4633,32.0541,53.2,50.8242,40.3756,2.0,49.2,9.5,54.3,7.0504,4.9426,5.0807,40.3125,1152.0,43.7146,42.694,16.5563,8.7748,4.3046,74.6212,48.3826
"Parry Sound, Unorganized, Centre Part, Unorganized (NO)","Parry Sound, Unorganized, Centre Part",NO,2495.0,1.0,16.4,2587.29,52.7008,57600.0,27.8547,7.4148,4.8096,6.6132,47.0942,40.6814,61.2,25.9259,34.3874,1.9,33.5,15.2,39.7,7.014,0.8016,2.8557,9.5238,770.0,22.0838,18.3158,7.4286,7.4286,6.8571,8.2558,28.7649
"Pelham, Town (T)",Pelham,T,18192.0,144.0,6.3,126.35,66.0831,110000.0,73.1834,14.9516,10.4167,13.5224,47.356,27.2647,50.4,51.0259,19.9713,2.6,52.8,8.6,57.7,12.3406,5.3595,7.0855,12.3475,1244.0,48.9241,37.9511,11.3252,4.2032,3.9696,59.2759,54.7207
"Pembroke, City (CY)",Pembroke,CY,14364.0,1002.8,3.5,14.32,64.4915,63200.0,32.699,14.0977,10.1643,18.8318,49.1855,26.5595,46.4,53.5854,38.2735,2.1,46.4,12.4,53.0,4.2815,3.3765,3.239,42.2018,963.0,33.0125,35.7693,16.223,9.1514,3.4942,82.3207,51.0335
"Penetanguishene, Town (T)",Penetanguishene,T,10077.0,396.4,12.4,25.42,62.1036,74000.0,42.0415,10.9656,9.2289,16.2747,50.3622,29.5227,52.0,49.5495,29.5597,2.3,45.4,11.5,51.4,6.0534,2.4809,3.3591,24.2462,976.0,33.7486,30.8979,12.5158,5.5626,5.0569,71.2843,49.1364
"Perry, Township (TP)",Perry,TP,2650.0,14.2,8.0,186.34,53.1067,72000.0,40.3114,14.5283,6.6038,13.9623,53.3962,25.6604,51.6,43.8596,24.8908,2.3,48.2,8.8,52.9,5.0943,0.566,2.066,9.2105,790.0,23.2163,19.0146,20.8511,5.1064,2.1277,32.4123,38.0209
"Perth, Town (T)",Perth,T,6469.0,529.8,9.1,12.21,59.1179,63200.0,32.699,10.6663,7.42,13.2169,42.7423,38.955,58.4,44.2254,43.2061,1.9,41.1,12.9,47.2,6.3379,2.396,3.4627,44.2748,1039.0,37.316,39.4036,12.326,9.3439,5.169,74.7317,47.8448
"Perth East, Township (TP)",Perth East,TP,12595.0,17.7,2.6,711.93,63.6062,96000.0,61.0727,23.1044,13.6959,17.9436,47.3204,15.7999,36.4,57.9025,17.5182,3.0,70.0,3.9,72.9,5.8753,0.9925,2.5645,18.0049,1050.0,37.9388,31.9587,7.5802,2.9155,5.6122,34.8805,50.0403
"Perth South, Township (TP)",Perth South,TP,3776.0,9.6,-0.8,391.88,55.4916,101000.0,65.3979,16.6843,12.7119,16.5519,51.3771,19.3326,44.8,51.0823,16.7857,2.7,67.7,7.3,72.9,5.6939,1.7214,2.8535,22.5,1050.0,37.9388,33.3072,8.4633,3.5635,3.5635,28.1192,46.1922
"Petawawa, Town (T)",Petawawa,T,18160.0,110.3,5.7,164.7,66.0713,102000.0,66.263,21.7786,12.5551,29.9284,56.2775,9.4438,32.0,60.1221,23.003,2.6,66.4,6.3,70.9,5.8645,5.9196,5.095,35.7988,1049.0,37.8822,37.2572,7.6058,5.9454,2.196,56.1255,54.8269
"Peterborough, City (CY)",Peterborough,CY,83651.0,1291.8,3.2,64.76,76.3615,71500.0,39.8789,14.2975,12.1696,20.8665,49.324,24.2257,43.2,55.1274,32.4764,2.3,48.8,14.7,57.2,9.4201,9.1272,8.1359,40.6003,1200.0,46.4326,44.6829,13.8683,7.3107,4.2202,85.3343,57.1988
"Petrolia, Town (T)",Petrolia,T,6013.0,482.6,4.7,12.46,58.6255,86000.0,52.4221,17.6285,10.0615,16.3812,48.2288,23.9481,42.8,56.8513,29.065,2.4,52.9,9.1,58.1,5.405,2.3283,3.1182,20.935,960.0,32.8426,29.2703,9.427,5.1756,3.6969,73.6225,51.3913
"Pickering, City (CY)",Pickering,CY,99186.0,429.2,8.1,231.1,77.5091,118000.0,80.1038,16.5396,12.29,19.6852,54.6045,16.5699,40.8,68.8488,17.1728,3.0,56.9,12.9,65.3,36.0736,51.5446,38.544,14.837,1730.0,76.4439,57.9619,10.6002,4.3286,3.9342,72.2288,63.751
"Plympton-Wyoming, Town (T)",Plympton-Wyoming,T,8308.0,26.1,6.6,318.86,60.8032,108000.0,71.4533,17.6938,10.6524,14.9856,49.5908,22.027,45.6,49.8024,19.2429,2.6,56.6,7.5,61.2,6.921,2.949,4.0955,11.811,1000.0,35.1076,28.1186,9.5533,3.8462,3.8462,39.2994,49.303
"Point Edward, Village (VL)",Point Edward,VL,1930.0,585.0,-5.3,3.3,50.9717,84000.0,50.692,11.399,8.2902,12.6943,48.4456,32.1244,55.2,44.6281,34.0426,2.1,46.0,12.6,52.6,9.3264,2.0725,4.3005,14.8936,1420.0,58.8901,45.6912,9.5506,5.618,4.4944,75.9101,47.8478
"Port Colborne, City (CY)",Port Colborne,CY,20033.0,164.2,9.4,121.99,66.7325,70000.0,38.5813,13.1533,9.4844,15.4495,50.5166,26.8557,50.4,52.6496,31.6303,2.2,47.4,12.7,54.2,8.5609,2.6706,4.3503,27.3092,982.0,34.0883,32.0546,12.1842,6.6255,4.6603,60.8293,47.7718
"Port Hope, Municipality (MU)",Port Hope,MU,17294.0,62.0,3.2,278.8,65.7421,88000.0,54.1522,12.8079,8.9048,15.5545,50.3065,27.9866,50.8,50.5693,26.931,2.3,49.7,11.1,56.0,9.9456,4.3946,5.6913,21.653,1263.0,50.0,41.4959,12.3449,5.2109,4.9628,49.3472,48.6023
"Powassan, Municipality (MU)",Powassan,MU,3346.0,15.0,-3.2,223.26,54.6773,79500.0,46.7993,15.6904,7.7705,13.15,49.6115,27.0472,50.4,49.2386,22.7273,2.4,52.3,10.3,58.3,3.4369,2.6898,2.5478,15.0376,900.0,29.4451,25.1228,14.6179,2.3256,5.9801,33.0232,40.8048
"Prescott, Town (T)",Prescott,T,4078.0,826.0,-3.4,4.94,56.0099,61200.0,30.9689,14.4679,9.3183,15.9392,48.7984,27.3418,49.6,51.7391,36.87,2.1,43.3,12.4,49.6,5.7626,2.6974,3.4576,42.1751,962.0,32.9558,35.7216,19.6375,4.2296,3.6254,80.0131,46.2531
"Prince Edward County, City (CY)",Prince Edward County,CY,25704.0,24.4,3.9,1052.61,68.4118,81000.0,48.0969,11.5935,6.9833,11.6713,47.8914,33.4773,56.8,39.5107,26.9519,2.2,46.4,9.2,51.1,9.765,3.0345,4.9846,18.3502,1205.0,46.7157,38.2061,10.277,7.8195,3.8874,38.5278,45.7258
"Puslinch, Township (TP)",Puslinch,TP,7944.0,37.0,8.3,214.82,60.5014,133000.0,93.0796,13.9728,11.7699,13.2805,51.2336,22.9733,49.2,52.9412,17.6573,2.8,59.0,9.3,64.9,17.3716,13.2175,12.7266,5.2448,1300.0,52.0951,38.04,11.0218,4.4776,4.4776,43.3258,54.7171
"Quinte West, City (CY)",Quinte West,CY,46560.0,94.0,6.8,495.45,72.4142,81000.0,48.0969,15.7968,9.6972,16.7741,52.2766,22.2186,45.6,52.9747,24.8229,2.4,51.3,10.9,57.6,7.5172,4.5855,4.9544,25.3739,1087.0,40.034,35.636,11.2367,5.8606,4.3378,54.2394,50.4796
"Rainy River, Unorganized, Unorganized (NO)","Rainy River, Unorganized",NO,1423.0,0.1,3.1,12163.33,48.9198,99000.0,63.6678,13.0007,8.7843,10.8925,51.3001,26.3528,54.4,41.9355,19.1304,2.4,51.8,8.6,56.1,5.2706,0.0,1.8447,3.6697,760.0,21.5176,16.1632,10.9375,3.9062,4.6875,1.1352,35.9726
"Ramara, Township (TP)",Ramara,TP,10377.0,25.0,9.4,414.94,62.3012,85000.0,51.5571,11.4195,9.1549,13.4914,51.5563,27.7537,54.4,43.1784,23.9229,2.4,48.3,14.1,56.2,10.8413,3.2283,5.4086,8.7401,1276.0,50.7361,38.1373,13.9303,6.2687,3.8806,38.8059,44.4157
"Red Lake, Municipality (MU)",Red Lake,MU,4094.0,6.8,-0.3,602.93,56.0362,111000.0,74.0484,19.1744,9.5261,20.64,55.8134,15.5105,38.4,55.3648,29.912,2.4,63.2,5.1,66.6,5.1295,4.2745,4.1341,24.7059,984.0,34.2016,31.3529,12.093,5.1163,4.4186,24.4658,47.3067
"Renfrew, Town (T)",Renfrew,T,8190.0,639.3,-0.4,12.81,60.7069,60400.0,30.2768,12.149,9.0354,14.4078,46.7033,32.1123,54.0,49.1031,40.6329,2.0,43.8,10.5,49.1,3.4799,1.2821,1.859,41.3924,893.0,29.0487,32.7518,15.6863,7.2398,3.6199,76.9655,47.7419
"Richmond Hill, Town (T)",Richmond Hill,T,202022.0,2004.4,3.6,100.79,82.3017,102000.0,66.263,14.835,12.9961,17.6367,55.0113,17.159,43.6,69.5115,17.572,2.9,54.4,13.1,62.6,57.8427,66.0621,53.7527,21.7862,1916.0,86.9762,67.4192,11.3833,4.5882,3.5891,90.5634,65.8327
"Rideau Lakes, Township (TP)",Rideau Lakes,TP,10883.0,15.3,5.4,711.81,62.622,84000.0,50.692,12.129,8.3617,12.4506,48.4701,31.0117,55.6,42.2254,24.9201,2.3,47.9,9.0,52.8,6.6158,1.7918,3.2114,12.1535,996.0,34.8811,28.0628,12.2428,5.5556,4.2181,33.2444,43.3122
"Russell, Township (TP)",Russell,TP,19598.0,98.6,18.6,198.78,66.5846,123000.0,84.4291,19.6704,10.5623,16.9915,55.4648,14.3382,39.6,58.1864,17.4394,2.7,67.2,5.4,71.1,6.6333,5.2046,4.9661,16.0443,1284.0,51.1891,40.6457,9.8861,3.1891,3.7358,54.8026,58.4273
"Sables-Spanish Rivers, Township (TP)",Sables-Spanish Rivers,TP,3237.0,4.0,1.5,801.04,54.4543,70500.0,39.0138,15.1375,9.8857,12.5116,50.5097,24.4053,50.4,44.3902,25.6318,2.3,44.5,10.7,49.8,3.5527,1.5446,2.0158,13.7184,690.0,17.5538,16.4032,13.5338,5.2632,2.6316,19.1694,35.3065
"Sagamok, Indian reserve (IRI)",Sagamok,IRI,1110.0,11.5,-2.6,96.83,47.2476,49600.0,20.9343,25.2252,13.5135,20.7207,46.3964,14.4144,31.8,84.7458,25.974,2.8,35.8,13.4,41.4,,0.0,0.0,17.9487,,,5.3846,6.1538,3.0769,0.0,30.0829,30.6131
"Sandy Lake 88, Indian reserve (IRI)",Sandy Lake 88,IRI,2100.0,47.4,4.1,44.31,51.5402,47200.0,18.8581,35.4762,18.5714,24.2857,42.1429,3.5714,22.8,89.0,10.2041,4.3,36.5,20.6,46.5,,0.0,0.0,23.5294,,,7.0588,15.3153,2.7027,1.8018,46.2072,36.7052
"Sarnia, City (CY)",Sarnia,CY,72047.0,439.6,0.6,163.9,75.3554,77500.0,45.0692,14.6779,10.4238,18.1062,50.363,24.5395,46.0,52.9873,33.5353,2.2,47.6,13.0,54.7,11.895,8.1891,8.517,31.8471,1078.0,39.5243,37.2212,12.4181,8.0967,4.0094,72.5134,54.3177
"Saugeen Shores, Town (T)",Saugeen Shores,T,15908.0,93.5,16.0,170.19,65.1793,103000.0,67.128,15.9354,7.6691,16.344,50.3206,26.1189,46.8,46.7909,29.0369,2.3,51.6,8.0,56.1,11.2208,7.4805,7.7477,19.6377,1261.0,49.8867,40.812,12.7835,5.0859,3.7113,54.1765,52.9038
"Sault Ste. Marie, City (CY)",Sault Ste. Marie,CY,72051.0,324.6,-1.8,221.99,75.3558,73000.0,41.1765,14.226,10.4717,17.4043,50.4087,24.8852,47.2,54.4636,34.0455,2.2,47.8,13.0,54.9,8.3136,4.4621,5.3334,31.7092,910.0,30.0113,30.5207,14.1555,7.1395,4.1879,68.9108,52.9889
"Schreiber, Township (TP)",Schreiber,TP,1039.0,29.0,-1.9,35.81,46.8027,75500.0,43.3391,12.512,8.6622,15.8807,55.3417,24.0616,54.4,42.8571,37.8641,2.0,48.0,9.6,53.1,5.2936,3.3686,3.6814,17.5258,630.0,14.1563,15.1671,17.0213,8.5106,2.1277,40.5103,39.5297
"Scugog, Township (TP)",Scugog,TP,21581.0,45.5,-0.2,474.38,67.234,108000.0,71.4533,13.9938,10.7734,14.8742,50.9939,24.2343,49.2,53.2633,19.5388,2.6,56.6,8.5,61.9,10.3795,5.1666,6.2265,12.9854,1304.0,52.3216,40.5208,12.009,4.0181,4.605,45.7302,52.8606
"Seguin, Township (TP)",Seguin,TP,5280.0,9.0,22.7,586.99,57.7498,84000.0,50.692,10.5114,9.6591,13.6364,51.3258,28.5038,54.8,41.0256,26.4637,2.3,51.7,6.8,55.5,7.6705,1.5152,3.4422,9.8131,990.0,34.5413,27.1229,15.6652,4.2918,2.3605,27.4252,41.5224
"Selwyn, Township (TP)",Selwyn,TP,18653.0,59.0,9.3,316.12,66.2517,95000.0,60.2076,14.046,9.3819,13.6707,47.9279,28.6549,52.0,47.1294,22.0588,2.5,50.7,10.6,56.7,7.3715,3.2971,4.2728,10.354,1336.0,54.1336,40.9998,14.6106,3.4679,4.6617,48.7661,49.7858
"Severn, Township (TP)",Severn,TP,14576.0,27.9,8.3,523.06,64.5902,94000.0,59.3426,14.3043,9.7077,15.2305,52.5521,23.4632,49.6,50.1654,21.9828,2.5,53.8,10.5,60.1,7.1693,2.5384,3.7991,10.0775,1072.0,39.1846,30.4525,11.7928,4.908,5.2488,40.0654,47.6368
"Shelburne, Town (T)",Shelburne,T,8994.0,1370.8,10.7,6.56,61.3377,99000.0,63.6678,21.9591,11.5077,19.235,52.1459,14.4541,36.8,69.1057,20.1653,2.9,63.1,10.0,70.1,19.0683,29.4641,21.4726,19.8347,1240.0,48.6976,40.0387,13.1324,5.8127,4.6286,86.0407,58.4381
"Shuniah, Municipality (MU)",Shuniah,MU,3247.0,5.7,16.0,571.34,54.4751,109000.0,72.3183,11.5491,7.5454,11.3951,51.2781,29.7197,55.2,40.553,23.5088,2.3,50.8,8.5,55.5,6.4675,0.616,2.5716,4.9296,1360.0,55.4926,40.3237,9.1205,2.9316,4.886,22.6552,43.1417
"Sioux Lookout, Municipality (MU)",Sioux Lookout,MU,5839.0,15.4,10.8,378.02,58.4277,102000.0,66.263,17.9825,12.2452,21.8359,56.2596,13.6153,38.0,60.5505,28.2051,2.5,66.7,5.7,70.6,6.2511,7.1074,5.9214,33.3333,1106.0,41.1099,38.7769,9.2705,4.5593,2.4316,33.3173,48.9379
"Smiths Falls, Town (T)",Smiths Falls,T,9254.0,958.1,5.4,9.66,61.5297,61200.0,30.9689,15.6149,9.0772,17.3979,49.1679,26.2589,47.2,54.7809,38.6311,2.1,47.2,10.1,52.5,5.8893,4.0523,4.1198,45.3071,1048.0,37.8256,40.07,16.5605,8.2803,3.6943,81.7781,50.0551
"Smooth Rock Falls, Town (T)",Smooth Rock Falls,T,1200.0,6.0,-9.8,199.73,47.7724,64500.0,33.8235,11.25,7.5,10.8333,46.25,35.0,58.0,38.3562,34.4828,2.0,35.4,8.8,38.3,1.6667,0.0,0.5833,20.5128,730.0,19.8188,20.027,10.5263,2.6316,2.6316,23.177,32.6572
"South Algonquin, Township (TP)",South Algonquin,TP,1055.0,1.2,-3.7,867.73,46.9055,61200.0,30.9689,7.109,5.6872,10.4265,52.6066,34.5972,59.6,33.3333,33.0189,2.0,37.2,23.1,48.4,4.2654,0.9479,1.9668,12.381,840.0,26.0476,21.9476,9.0909,23.8636,2.2727,9.391,28.1998
"South Bruce, Municipality (MU)",South Bruce,MU,5880.0,12.1,4.3,486.86,58.4748,88000.0,54.1522,19.7279,11.0544,16.8367,49.2347,19.6429,41.2,53.913,22.5877,2.6,62.0,6.1,66.0,2.8912,0.6803,1.352,19.6937,880.0,28.3126,25.7269,7.4554,3.2415,4.7002,30.6414,44.5078
"South Bruce Peninsula, Town (T)",South Bruce Peninsula,T,9137.0,17.2,8.6,530.61,61.444,71500.0,39.8789,11.7653,7.3328,12.4767,47.937,33.1071,56.8,40.9171,30.6024,2.2,47.0,9.3,51.8,7.1687,1.97,3.5515,16.8675,958.0,32.7293,27.9708,15.0565,5.6462,5.5207,34.5577,41.2383
"South Dundas, Municipality (MU)",South Dundas,MU,11044.0,21.2,1.8,521.54,62.7209,78000.0,45.5017,14.9855,8.5567,13.9442,49.2575,27.1188,50.8,46.4706,25.8861,2.4,49.8,10.1,55.4,6.2025,1.7204,3.0311,19.1398,954.0,32.5028,28.4939,13.0219,3.1809,4.8708,36.924,43.5416
"South Frontenac, Township (TP)",South Frontenac,TP,20188.0,21.3,8.3,948.05,66.7845,104000.0,67.9931,15.43,9.684,13.2257,53.3733,21.4979,48.8,50.2318,19.0296,2.5,56.9,9.0,62.6,5.8698,1.7832,2.9535,7.4307,1024.0,36.4666,27.7558,11.8628,3.6684,4.4783,36.9775,50.0519
"South Glengarry, Township (TP)",South Glengarry,TP,13330.0,22.0,1.4,605.02,63.9882,91000.0,56.7474,14.9662,9.7149,12.8657,50.0375,25.1688,50.4,46.506,22.4678,2.4,56.5,8.6,61.7,7.5019,3.3383,4.3173,11.9595,960.0,32.8426,26.5777,9.3109,4.912,3.5191,37.3456,47.0361
"South Huron, Municipality (MU)",South Huron,MU,10063.0,23.7,-0.3,425.12,62.0943,77000.0,44.6367,15.1048,9.043,15.2042,47.0039,28.8184,50.0,46.543,30.4498,2.3,53.7,7.9,58.3,7.7015,2.8818,4.2333,27.1577,958.0,32.7293,31.0578,10.6846,7.1577,4.9793,38.1949,44.0975
"South River, Village (VL)",South River,VL,1101.0,268.0,-1.2,4.11,47.1928,61200.0,30.9689,14.0781,9.0827,14.9864,50.4087,26.7938,49.2,50.0,30.2083,2.3,40.2,16.5,48.1,4.0872,1.3624,2.1117,40.0,880.0,28.3126,31.8188,11.7647,8.2353,4.7059,66.6364,41.2089
"South Stormont, Township (TP)",South Stormont,TP,13570.0,30.3,3.5,447.71,64.1085,92000.0,57.6125,15.6964,9.3957,13.9278,52.0634,22.8445,48.0,48.8915,20.4063,2.5,57.4,6.8,61.6,4.7531,2.6161,2.9937,12.0148,1094.0,40.4304,31.9057,13.3138,4.316,5.267,41.0156,47.9765
"South-West Oxford, Township (TP)",South-West Oxford,TP,7583.0,20.5,-0.7,369.61,60.1882,98000.0,62.8028,21.0339,12.8577,16.2205,49.3868,16.6161,39.6,57.2414,16.826,2.9,62.8,7.9,68.2,9.363,2.3078,4.431,14.5038,1192.0,45.9796,36.5369,8.4788,3.7406,3.8653,36.5423,47.552
"Southgate, Township (TP)",Southgate,TP,8716.0,13.6,18.5,643.08,61.1262,85000.0,51.5571,22.8889,12.2763,19.8486,49.9082,14.9151,36.0,61.2033,20.3642,2.9,59.2,7.8,64.2,11.7026,11.9894,10.1595,16.5563,1370.0,56.0589,44.2081,8.0189,2.5943,4.2453,31.9326,44.7367
"Southwest Middlesex, Municipality (MU)",Southwest Middlesex,MU,5893.0,13.8,3.0,427.82,58.4897,80000.0,47.2318,17.5632,9.1634,15.9511,51.926,21.2965,44.8,54.023,26.6112,2.4,55.8,9.8,61.8,6.9574,1.6969,3.2836,20.8333,828.0,25.3681,24.0076,10.6346,3.6021,5.1458,32.0946,42.3958
"Southwold, Township (TP)",Southwold,TP,4851.0,16.1,9.7,301.38,57.179,105000.0,68.8581,18.2437,10.7194,14.43,51.3296,19.5836,44.0,56.8966,16.9591,2.8,60.6,11.8,68.8,6.3904,2.1645,3.3498,8.4548,820.0,24.9151,19.977,7.4144,5.1331,3.6122,33.8151,47.3141
"Springwater, Township (TP)",Springwater,TP,21701.0,40.5,13.9,535.85,67.2713,122000.0,83.564,17.9946,12.1653,14.7228,52.9929,16.7965,43.2,60.0306,14.7039,2.9,61.9,10.0,68.8,10.2991,5.5067,6.3857,10.3196,1384.0,56.8516,42.892,10.6099,4.7619,4.1771,44.3752,55.6315
"St. Catharines, City (CY)",St. Catharines,CY,136803.0,1422.1,2.8,96.2,79.6754,72500.0,40.7439,14.1444,11.2973,19.5756,51.2672,23.2926,44.8,56.7728,32.2808,2.3,49.1,15.8,58.4,19.1772,16.2387,15.185,35.5827,1168.0,44.6206,41.9092,14.0376,8.1521,4.2489,86.478,57.9016
"St. Clair, Township (TP)",St. Clair,TP,14659.0,23.7,4.1,618.57,64.6285,98000.0,62.8028,16.952,10.0621,15.383,50.3786,22.58,44.8,50.3275,23.4219,2.4,52.8,8.7,57.9,5.0481,1.7737,2.6537,13.7043,1106.0,41.1099,32.8882,9.4722,4.1938,3.9769,38.1949,48.0733
"St. Joseph, Township (TP)",St. Joseph,TP,1426.0,11.2,15.0,127.65,48.934,83000.0,49.827,13.6746,7.3633,11.2202,44.8808,34.0112,57.2,38.2979,23.7705,2.3,44.4,12.4,50.6,8.7658,3.5063,4.8212,12.2951,920.0,30.5776,25.0928,7.5,11.6667,5.8333,29.7936,37.8
"St. Marys, Town (T)",St. Marys,T,7386.0,593.8,1.7,12.44,60.0108,86000.0,52.4221,14.4192,9.8836,15.1638,49.2824,26.469,48.4,50.3432,28.2748,2.3,53.7,10.1,59.7,8.2589,4.4002,5.111,19.0096,980.0,33.9751,29.4854,10.989,3.022,3.1593,76.0876,52.9242
"St. Thomas, City (CY)",St. Thomas,CY,42840.0,1203.2,10.1,35.61,71.8532,75000.0,42.9066,16.7017,10.6909,16.9234,51.3422,21.2768,43.6,57.1429,29.5958,2.3,52.3,11.2,58.9,10.2708,6.9795,7.1283,32.1982,1047.0,37.769,36.0977,11.486,6.3012,4.3414,84.4887,55.6791
"St.-Charles, Municipality (MU)",St.-Charles,MU,1357.0,4.3,6.9,314.46,48.6001,76000.0,43.7716,11.4223,7.7377,11.0538,54.1636,26.8976,55.6,39.7727,28.2258,2.2,42.3,6.4,45.6,2.9477,1.4738,1.7686,18.5484,720.0,19.2525,19.0413,14.5455,6.3636,1.8182,19.8634,35.3374
"Stirling-Rawdon, Township (TP)",Stirling-Rawdon,TP,5015.0,17.8,2.7,282.48,57.403,81000.0,48.0969,16.9492,9.4716,15.0548,51.346,22.5324,46.4,50.495,23.6041,2.5,54.6,8.4,59.6,7.0788,3.6889,4.3519,17.7665,988.0,34.4281,29.4296,11.4345,3.7422,2.4948,34.944,42.7999
"Stone Mills, Township (TP)",Stone Mills,TP,7826.0,11.3,1.6,693.71,60.4006,91000.0,56.7474,15.9085,9.839,15.1418,54.37,19.8058,46.8,51.0163,20.3583,2.5,58.3,7.9,63.3,6.0056,1.8528,3.0284,7.5041,950.0,32.2763,24.8447,9.6577,3.912,3.423,29.8908,44.4954
"Stratford, City (CY)",Stratford,CY,33232.0,1107.0,5.6,30.02,70.1423,77000.0,44.6367,14.4439,10.186,17.107,51.4865,23.8926,46.0,52.9257,33.3333,2.2,55.8,10.8,62.5,10.6975,7.8539,7.8065,34.1811,1128.0,42.3556,39.9032,11.7354,5.7068,3.5704,83.497,56.688
"Strathroy-Caradoc, Municipality (MU)",Strathroy-Caradoc,MU,23871.0,88.1,14.4,270.86,67.9134,89000.0,55.0173,16.7777,10.6615,17.3851,51.0661,21.5115,43.6,55.2281,23.6508,2.5,57.6,8.9,63.2,11.0385,2.9324,5.3925,21.8519,1124.0,42.1291,36.0459,12.4127,4.7678,4.8089,53.4757,51.4533
"Strong, Township (TP)",Strong,TP,1566.0,9.9,8.8,158.88,49.5645,70000.0,38.5813,13.41,7.9821,13.0907,47.5734,30.9706,54.8,42.5743,24.2424,2.4,44.6,13.0,51.3,3.8314,1.2771,1.9796,12.1212,960.0,32.8426,26.6262,11.9403,2.9851,3.7313,28.4516,35.4498
"Sudbury, Unorganized, North Part, Unorganized (NO)","Sudbury, Unorganized, North Part",NO,2902.0,0.1,7.6,35377.17,53.7185,79000.0,46.3668,10.51,5.858,9.4762,52.8946,30.6685,56.8,34.9206,29.562,2.1,44.0,9.2,48.4,3.7905,0.6892,1.6713,6.5693,1020.0,36.2401,27.3389,4.4898,8.1633,3.2653,1.1352,32.7745
"Tay, Township (TP)",Tay,TP,11091.0,80.5,10.5,137.86,62.7495,82000.0,48.9619,13.9753,8.0696,15.5532,54.5487,23.4875,49.2,49.3581,22.602,2.4,50.7,11.0,57.0,6.627,1.127,2.8965,9.5921,1172.0,44.8471,34.2706,12.5,4.9242,3.8826,52.4138,47.2494
"Tay Valley, Township (TP)",Tay Valley,TP,5925.0,11.2,4.6,528.67,58.5262,90000.0,55.8824,11.4768,7.7637,11.308,48.9451,32.0675,57.2,39.9471,21.281,2.3,47.6,11.0,53.6,5.7384,1.0127,2.5148,7.438,990.0,34.5413,26.4103,11.2403,4.845,5.0388,29.7936,42.4428
"Tecumseh, Town (T)",Tecumseh,T,23300.0,246.3,0.3,94.59,67.7503,109000.0,72.3183,15.2575,11.5451,14.6567,50.0858,23.0687,47.6,58.156,21.185,2.6,51.6,13.4,59.6,17.7897,11.1803,11.8616,11.1794,1230.0,48.1314,37.0458,9.6247,5.3863,4.3267,65.6346,56.0734
"Temiskaming Shores, City (CY)",Temiskaming Shores,CY,9634.0,54.5,-2.9,176.67,61.8008,71500.0,39.8789,15.0509,10.4837,16.0889,46.9172,27.6105,48.4,51.0055,33.4115,2.2,52.0,6.8,55.9,3.5292,2.9583,2.7455,27.7193,898.0,29.3318,28.8481,15.0229,6.078,5.2752,47.8375,45.0547
"Terrace Bay, Township (TP)",Terrace Bay,TP,1528.0,10.1,-5.2,151.5,49.3991,86000.0,52.4221,15.7068,6.2173,14.7251,53.0105,24.2147,48.8,44.4444,36.3636,2.1,49.4,9.0,54.3,11.4529,10.144,9.2277,21.831,780.0,22.6501,22.4043,8.3969,6.8702,3.0534,28.6682,40.013
"Thames Centre, Municipality (MU)",Thames Centre,MU,13980.0,32.2,6.0,433.99,64.309,112000.0,74.9135,17.2031,11.5165,14.5923,52.2175,19.0987,45.2,56.3529,18.0328,2.7,62.0,7.7,67.2,8.4406,2.6466,4.299,11.8611,1160.0,44.1676,34.4757,9.4987,4.1557,4.2216,41.7175,52.4643
"The Blue Mountains, Town (T)",The Blue Mountains,T,9390.0,33.0,33.7,284.65,61.628,101000.0,65.3979,9.8509,7.3482,11.1821,48.6155,34.2386,58.8,38.1967,28.8506,2.1,47.6,10.9,53.3,12.9925,3.3546,6.2407,12.9885,1405.0,58.0408,44.5251,10.7062,5.0114,3.9863,42.0011,48.4154
"The Nation / La Nation, Municipality (M)",The Nation / La Nation,M,13350.0,20.3,4.2,658.93,63.9983,105000.0,68.8581,18.7266,9.5131,17.9401,56.5543,15.2434,40.8,54.2289,20.5681,2.6,68.3,5.0,72.0,4.3071,3.5955,3.339,17.6298,1156.0,43.9411,36.0477,9.7449,4.5128,3.9241,36.431,51.0694
"Thessalon, Town (T)",Thessalon,T,1260.0,287.5,-2.0,4.38,48.1008,58400.0,28.5467,12.3016,7.9365,8.3333,43.6508,36.1111,58.8,44.1176,36.9369,2.1,36.0,14.1,41.9,2.7778,1.9841,1.9643,28.5714,710.0,18.6863,21.6518,12.0482,8.4337,0.0,67.4699,40.7727
"Thorold, City (CY)",Thorold,CY,23816.0,285.9,26.7,83.29,67.8979,82000.0,48.9619,16.8584,13.9402,23.6816,53.5354,15.6827,37.2,62.1036,25.3986,2.6,52.4,15.3,61.8,16.5435,18.454,15.4738,30.6762,1310.0,52.6614,46.0658,13.923,8.6331,3.6818,67.4037,52.2411
"Thunder Bay, City (CY)",Thunder Bay,CY,108843.0,332.1,0.9,327.77,78.135,77500.0,45.0692,14.1672,11.6957,20.5479,52.2404,21.8893,44.0,55.55,34.6349,2.2,51.9,11.2,58.5,8.4434,7.3179,6.9855,32.3107,994.0,34.7678,34.0307,13.198,7.1449,4.5015,69.182,55.5302
"Thunder Bay, Unorganized, Unorganized (NO)","Thunder Bay, Unorganized",NO,6221.0,0.1,6.0,96255.92,58.8545,82000.0,48.9619,14.6279,6.9924,13.583,53.0461,25.2371,51.6,44.1253,30.3411,2.2,48.2,11.2,54.3,6.8317,0.8841,2.8331,8.9928,650.0,15.2888,13.4,7.7338,4.3165,5.5755,1.1352,35.1534
"Tillsonburg, Town (T)",Tillsonburg,T,18615.0,838.6,17.3,22.2,66.238,73500.0,41.609,14.1284,9.9919,15.4445,46.6291,29.2775,49.2,48.1949,31.288,2.2,47.3,11.6,53.5,12.3288,5.5869,7.1246,29.2224,1171.0,44.7905,40.12,13.3455,6.4595,3.8391,80.1932,52.1873
"Timiskaming, Unorganized, West Part, Unorganized (NO)","Timiskaming, Unorganized, West Part",NO,3210.0,0.3,-1.4,10199.8,54.3979,81000.0,48.0969,15.4206,8.567,12.6168,50.9346,24.9221,51.2,42.3645,25.0,2.3,52.4,9.3,57.8,3.5826,0.4673,1.4875,6.8841,700.0,18.12,14.7492,7.5949,3.1646,5.6962,3.1249,34.9909
"Timmins, City (CY)",Timmins,CY,41145.0,13.9,-1.5,2955.33,71.5812,82000.0,48.9619,16.1745,11.7876,19.6986,53.9434,18.0945,42.0,55.3411,31.8982,2.3,57.0,8.6,62.4,3.3297,4.2654,3.5351,33.0632,940.0,31.7101,32.116,11.6206,5.2644,4.4153,32.1748,47.8765
"Tiny, Township (TP)",Tiny,TP,12966.0,38.7,10.0,335.05,63.8017,88000.0,54.1522,11.9543,8.0595,12.3785,50.8638,29.076,55.2,43.6893,24.287,2.4,47.6,11.5,53.8,12.2243,2.7765,5.6783,7.7277,988.0,34.4281,26.418,11.8443,4.9915,2.8765,43.8471,46.4067
"Toronto, City (C)",Toronto,C,2794356.0,4427.8,2.3,631.1,100.0,84000.0,50.692,13.7525,11.4681,24.2056,57.7099,17.0696,39.6,63.53,33.23,2.4,55.0,13.9,63.9,46.0263,55.0139,44.3958,48.0638,1562.0,66.9309,61.2708,9.6732,5.6133,4.1689,100.0,73.7717
"Trent Hills, Municipality (MU)",Trent Hills,MU,13861.0,27.0,7.4,513.85,64.2514,73000.0,41.1765,12.445,8.3688,12.7696,48.1206,31.1305,55.2,45.0753,25.9322,2.3,46.8,10.2,52.1,9.0181,4.004,5.1746,17.2881,1036.0,37.1461,31.1887,11.2387,4.758,4.758,39.6885,43.5325
"Trent Lakes, Municipality (MU)",Trent Lakes,MU,6439.0,7.7,19.3,833.72,59.0866,85000.0,51.5571,9.8618,6.5228,11.1819,51.0949,32.3808,58.0,35.1852,26.2712,2.2,43.4,9.6,48.0,11.1042,1.9413,4.8804,6.0914,990.0,34.5413,26.0063,10.0733,4.5788,4.9451,25.7665,40.3188
"Tweed, Municipality (MU)",Tweed,MU,6067.0,6.6,0.4,918.61,58.6857,69000.0,37.7163,12.6916,8.4061,13.1037,50.1071,28.8446,53.6,47.2527,28.5714,2.3,47.0,10.3,52.4,6.5106,2.8845,3.7209,17.2147,928.0,31.0306,26.8858,13.3843,4.0153,4.7801,24.1565,37.75
"Tyendinaga, Township (TP)",Tyendinaga,TP,4538.0,14.5,7.4,312.42,56.7298,98000.0,62.8028,18.29,10.0264,16.4169,55.0903,16.3067,42.4,57.6642,17.8788,2.8,59.1,9.7,65.4,4.7378,2.5342,2.9253,7.5988,860.0,27.1801,21.3057,14.346,3.5865,4.0084,32.645,45.2573
"Tyendinaga Mohawk Territory, Indian reserve (IRI)",Tyendinaga Mohawk Territory,IRI,2535.0,35.2,-2.3,72.02,52.8079,59200.0,29.2388,15.1874,10.8481,16.7653,52.071,22.288,48.0,55.1282,24.2718,2.5,41.9,9.0,46.1,,0.5917,0.2959,16.875,,,5.0625,9.8958,3.6458,6.25,42.7478,37.0349
"Uxbridge, Township (TP)",Uxbridge,TP,21556.0,51.3,1.8,420.52,67.2262,117000.0,79.2388,15.1698,12.224,15.6801,51.2386,21.4094,47.2,59.392,20.862,2.7,59.2,8.4,64.6,13.4069,7.956,8.7018,15.9275,1512.0,64.0997,49.648,10.4965,4.1812,3.4408,47.1302,55.0654
"Vaughan, City (CY)",Vaughan,CY,323103.0,1185.9,5.5,272.44,85.4654,124000.0,85.2941,16.4932,13.6164,18.6148,53.5835,16.3075,41.6,70.8376,15.1855,3.1,57.7,12.5,65.9,46.1881,41.0566,36.9824,14.0699,2048.0,94.4507,70.3365,11.1873,3.9925,4.22,84.3163,69.5388
"Wainfleet, Township (TP)",Wainfleet,TP,6887.0,31.7,8.1,217.53,59.5396,96000.0,61.0727,15.9721,10.4545,16.0447,52.6354,20.9816,47.2,50.2358,20.0765,2.6,56.1,9.2,61.7,8.0587,1.7424,3.6917,5.5449,1060.0,38.5051,28.617,9.7872,3.1206,3.8298,41.5367,47.0988
"Warwick, Township (TP)",Warwick,TP,3641.0,12.5,-1.4,290.21,55.2464,86000.0,52.4221,19.3628,11.5353,17.3029,49.1623,19.6375,41.6,57.0732,23.6162,2.6,60.7,9.2,66.8,6.0423,1.6479,3.0211,21.6912,920.0,30.5776,27.9117,8.1081,3.2432,3.7838,30.9996,43.2113
"Wasaga Beach, Town (T)",Wasaga Beach,T,24862.0,433.0,20.3,57.42,68.1874,76000.0,43.7716,11.6845,7.6623,12.2677,45.9738,34.6513,56.4,43.5881,26.3061,2.3,40.5,13.9,47.0,17.215,5.1283,8.6739,14.5698,1428.0,59.3431,45.9112,14.6231,7.9899,3.9698,72.3336,50.4635
"Waterloo, City (CY)",Waterloo,CY,121436.0,1895.8,15.7,64.06,78.8726,94000.0,59.3426,14.5262,18.413,27.5989,51.6445,15.4032,36.0,60.2531,26.031,2.5,57.6,12.0,65.4,26.7878,34.1456,27.714,38.7011,1440.0,60.0227,53.6262,10.1663,5.3408,2.9984,89.9003,64.1659
"Wawa, Municipality (MU)",Wawa,MU,2705.0,6.6,-6.9,411.89,53.2451,80000.0,47.2318,16.0813,9.2421,16.0813,52.6802,22.1811,47.2,51.5723,32.0988,2.2,58.0,9.6,63.9,4.0665,0.7394,1.793,21.8107,715.0,18.9694,19.8218,17.9211,9.6774,2.1505,24.1565,40.6969
"Welland, City (CY)",Welland,CY,55750.0,686.9,6.6,81.16,73.6278,71500.0,39.8789,14.9058,10.7713,18.1704,51.2646,23.0314,45.2,56.6261,30.1416,2.3,48.4,15.0,56.9,11.7309,8.5381,8.5834,31.0294,1072.0,39.1846,36.738,13.4836,8.0047,4.352,77.8196,53.7274
"Wellesley, Township (TP)",Wellesley,TP,11318.0,40.8,0.5,277.74,62.886,119000.0,80.9689,24.5185,14.932,16.6549,46.4305,14.0484,35.2,61.7201,14.5617,3.4,68.4,3.9,71.2,5.4338,2.2089,3.0328,13.0564,1100.0,40.7701,32.456,8.9627,1.4938,5.6432,44.461,55.9851
"Wellington North, Township (TP)",Wellington North,TP,12431.0,23.6,4.3,526.31,63.5179,78000.0,45.5017,18.8239,10.8599,18.0999,48.2664,22.0014,42.0,54.755,26.6945,2.5,59.5,6.1,63.3,5.8322,3.5395,3.9136,26.1731,1072.0,39.1846,35.2811,9.8039,4.0033,3.7582,38.1466,45.96
"West Elgin, Municipality (MU)",West Elgin,MU,5060.0,15.7,1.3,322.09,57.4631,75500.0,43.3391,14.6245,10.0791,15.415,50.9881,24.2095,48.8,48.7013,25.6532,2.4,53.9,9.4,59.5,10.7708,2.7668,5.1532,15.677,710.0,18.6863,17.7835,8.4507,5.0302,4.4266,33.5332,41.8141
"West Grey, Municipality (MU)",West Grey,MU,13131.0,15.0,4.9,875.21,63.8869,77500.0,45.0692,15.7642,9.6337,14.165,49.2346,25.3598,49.6,48.5571,23.8636,2.5,55.3,7.8,60.0,7.7679,2.3608,3.8992,14.0965,914.0,30.2378,25.3954,11.3689,3.0162,5.8005,33.0232,43.6783
"West Lincoln, Township (TP)",West Lincoln,TP,15454.0,39.9,6.6,387.02,64.9843,106000.0,69.7232,20.2213,11.9063,16.63,50.5047,17.4065,40.8,59.3647,15.5807,2.9,59.8,8.3,65.2,10.418,3.8501,5.6296,10.1039,1236.0,48.4711,36.9609,10.2857,3.5556,4.8254,44.2018,51.7036
"West Nipissing / Nipissing Ouest, Municipality (M)",West Nipissing / Nipissing Ouest,M,14583.0,7.5,1.5,1956.27,64.5935,69500.0,38.1488,14.3318,9.1202,13.2689,50.1611,26.4006,51.2,47.4828,29.8519,2.2,44.2,9.9,49.1,2.1258,1.6458,1.5669,31.7225,931.0,31.2005,31.3571,12.0616,5.5603,4.1916,25.4895,39.4739
"West Perth, Municipality (MU)",West Perth,MU,9038.0,15.6,2.0,578.88,61.3706,92000.0,57.6125,19.6946,11.5623,18.2009,49.9004,18.9201,40.0,54.4061,23.2897,2.6,68.2,5.0,71.7,5.8641,3.0427,3.6651,21.2518,1026.0,36.5798,31.9814,7.2763,3.3432,4.6214,33.4617,47.8326
"Whitby, Town (T)",Whitby,T,138501.0,944.1,7.9,146.69,79.7585,123000.0,84.4291,19.0793,12.8338,17.0685,53.3209,14.758,40.0,70.6242,17.2406,2.9,58.8,12.3,67.0,27.4258,34.8914,27.1401,17.9313,1536.0,65.4587,51.2005,11.3313,4.9679,3.8236,81.603,67.2696
"Whitchurch-Stouffville, Town (T)",Whitchurch-Stouffville,T,49864.0,241.6,8.8,206.42,72.8761,122000.0,83.564,19.3627,10.8696,14.9707,51.841,17.9288,41.6,65.6271,15.8635,3.0,59.2,10.5,66.1,34.9952,45.8447,35.2865,12.0323,1744.0,77.2367,57.6754,10.9616,4.6421,3.5108,65.406,61.418
"Whitestone, Municipality (MU)",Whitestone,MU,1075.0,1.2,17.4,923.7,47.032,62800.0,32.3529,7.907,2.7907,6.9767,50.6977,38.1395,61.6,26.3889,33.0275,2.0,39.0,8.4,42.6,7.907,2.7907,4.1628,2.7273,,,0.8182,10.9756,7.3171,0.0,9.391,28.3084
"Whitewater Region, Township (TP)",Whitewater Region,TP,7225.0,13.5,3.1,535.48,59.8624,81000.0,48.0969,17.1626,9.2042,13.9792,50.3806,23.3218,47.6,49.652,25.2577,2.4,54.4,7.8,59.0,4.9135,1.5917,2.5156,12.8866,904.0,29.6716,24.6361,8.9312,4.3924,3.5139,31.8507,42.8724
"Wikwemikong Unceded, Indian reserve (IRI)",Wikwemikong Unceded,IRI,2728.0,6.7,9.1,409.04,53.3021,50000.0,21.2803,24.3768,13.563,18.8783,49.1202,13.0132,34.8,84.9315,31.401,2.6,40.3,13.5,46.3,,0.3666,0.1833,10.2041,,,3.0612,8.046,3.4483,3.4483,24.3122,32.5267
"Wilmot, Township (TP)",Wilmot,TP,21429.0,81.2,4.3,263.81,67.1864,114000.0,76.6436,18.7596,11.0598,14.303,49.0924,21.0462,42.8,55.2833,17.3638,2.7,60.9,6.8,65.3,10.2665,4.2699,5.7352,14.5662,1178.0,45.1869,36.0007,9.0337,4.0449,3.4157,52.5157,55.8313
"Windsor, City (CY)",Windsor,CY,229660.0,1572.8,5.7,146.02,83.1656,70000.0,38.5813,15.954,13.0192,21.5514,52.458,18.5688,40.8,63.6243,33.107,2.4,45.7,18.9,56.3,29.0037,33.0946,27.1871,37.4596,1046.0,37.7123,37.6365,11.427,7.2956,4.1363,87.6769,58.1602
"Woodstock, City (CY)",Woodstock,CY,46705.0,827.2,13.6,56.46,72.4351,82000.0,48.9619,17.6319,10.577,19.0665,52.2107,19.5911,40.8,58.3147,28.0381,2.4,55.6,12.1,63.3,14.5809,13.4675,11.9286,34.8332,1261.0,49.8867,45.3707,11.1635,5.5067,3.7926,80.0303,56.7271
"Woolwich, Township (TP)",Woolwich,TP,26999.0,82.7,8.0,326.56,68.7429,115000.0,77.5087,20.7785,11.7412,16.6302,49.9093,17.5932,39.6,59.8569,18.109,2.8,65.2,6.2,69.5,12.4079,9.2781,9.0485,16.0791,1320.0,53.2276,42.0831,10.6994,3.428,4.3283,52.7311,57.4834
"Zorra, Township (TP)",Zorra,TP,8628.0,16.3,6.0,529.19,61.0578,106000.0,69.7232,19.8192,9.9096,17.1535,52.1558,18.0807,40.8,54.845,17.7215,2.7,66.4,7.9,72.1,5.9689,2.5498,3.3988,16.9036,988.0,34.4281,29.1708,6.9317,2.9562,3.6697,33.9536,49.7913
